Date;Gold;Argent;Platine;Palladium
10.01.2017;2 264,82;31,68;1 869,86;1 455,83
11.01.2017;2 280,67;31,84;1 871,64;1 455,29
12.01.2017;2 297,00;32,23;1 895,55;1 471,95
13.01.2017;2 308,20;32,12;1 893,77;1 444,24
14.01.2017;2 283,58;32,28;1 861,07;1 439,23
17.01.2017;2 304,95;32,12;1 883,82;1 418,13
18.01.2017;2 325,18;32,12;1 898,34;1 434,26
19.01.2017;2 307,12;32,35;1 853,30;1 417,57
20.01.2017;2 296,25;32,67;1 839,52;1 429,25
21.01.2017;2 300,38;32,52;1 832,09;1 442,65
24.01.2017;2 322,00;32,31;1 872,90;1 503,68
25.01.2017;2 309,96;32,63;1 863,88;1 479,30
26.01.2017;2 288,67;32,53;1 882,66;1 489,02
27.01.2017;2 284,59;32,46;1 880,90;1 413,07
28.01.2017;2 296,54;32,7;1 881,14;1 382,73
31.01.2017;2 301,46;32,3;1 891,69;1 408,13
01.02.2017;2 315,82;33,03;1 906,67;1 448,83
02.02.2017;2 346,20;33,53;1 931,25;1 481,40
03.02.2017;2 360,69;33,94;1 934,37;1 463,80
04.02.2017;2 313,26;33,77;1 891,72;1 428,33
07.02.2017;2 306,41;32,62;1 902,74;1 442,15
08.02.2017;2 342,73;33,49;1 912,62;1 436,85
09.02.2017;2 364,18;33,68;1 934,43;1 473,30
10.02.2017;2 356,40;33,66;1 935,60;1 466,88
11.02.2017;2 319,04;33,52;1 897,61;1 464,36
14.02.2017;2 294,96;32,89;1 879,80;1 448,58
15.02.2017;2 282,65;33,36;1 856,34;1 444,24
16.02.2017;2 236,21;32,68;1 821,61;1 423,70
17.02.2017;2 272,45;32,85;1 859,49;1 451,57
18.02.2017;2 300,29;33,54;1 878,92;1 465,71
21.02.2017;2 307,45;33,63;1 869,72;1 447,58
22.02.2017;2 285,64;33,45;1 847,19;1 419,34
23.02.2017;2 286,78;33,06;1 853,45;1 446,91
28.02.2017;2 340,04;34,03;1 911,15;1 439,88
01.03.2017;2 332,97;34,18;1 911,99;1 459,15
02.03.2017;2 338,69;34,31;1 927,56;1 460,21
03.03.2017;2 334,69;34,42;1 898,47;1 457,19
04.03.2017;2 327,25;34,72;1 871,27;1 452,69
07.03.2017;2 309,12;33,12;1 853,07;1 447,95
08.03.2017;2 292,23;33,36;1 817,00;1 442,36
10.03.2017;2 278,48;32,91;1 793,13;1 435,64
11.03.2017;2 278,09;32,63;1 789,65;1 420,30
14.03.2017;2 296,22;32,11;1 796,60;1 429,67
15.03.2017;2 281,23;32,26;1 776,00;1 419,66
16.03.2017;2 284,90;32,31;1 786,49;1 421,59
17.03.2017;2 295,03;31,67;1 801,42;1 430,65
18.03.2017;2 288,71;32,52;1 778,81;1 436,09
21.03.2017;2 270,87;32,05;1 775,44;1 425,51
22.03.2017;2 267,05;31,7;1 771,98;1 442,61
23.03.2017;2 309,07;32,08;1 791,89;1 447,22
24.03.2017;2 307,87;32,51;1 779,12;1 466,57
25.03.2017;2 296,73;32,4;1 770,55;1 482,54
28.03.2017;2 304,33;32,89;1 793,01;1 477,67
29.03.2017;2 294,86;32,84;1 762,82;1 442,47
30.03.2017;2 297,02;33,24;1 750,86;1 453,86
31.03.2017;2 267,37;32,81;1 732,84;1 428,32
01.04.2017;2 234,03;32,49;1 700,22;1 433,94
04.04.2017;2 249,39;32,78;1 720,10;1 440,33
05.04.2017;2 288,60;33,35;1 738,29;1 463,73
06.04.2017;2 250,78;32,81;1 737,73;1 453,80
07.04.2017;2 274,91;33,06;1 738,28;1 462,48
08.04.2017;2 313,70;33,67;1 760,48;1 471,34
11.04.2017;2 313,04;33,1;1 752,86;1 474,25
12.04.2017;2 299,38;32,85;1 728,61;1 446,61
13.04.2017;2 321,61;33,41;1 762,69;1 463,44
14.04.2017;2 340,43;33,78;1 770,66;1 466,75
15.04.2017;2 324,19;33,59;1 764,66;1 460,60
18.04.2017;2 322,38;33,57;1 763,28;1 459,45
19.04.2017;2 312,71;33,15;1 769,18;1 421,82
20.04.2017;2 315,48;32,91;1 760,92;1 399,71
21.04.2017;2 321,52;32,99;1 755,79;1 427,49
22.04.2017;2 316,77;32,51;1 766,28;1 449,90
25.04.2017;2 293,05;32,11;1 741,69;1 442,39
26.04.2017;2 281,14;32,03;1 718,26;1 420,21
27.04.2017;2 290,20;31,85;1 725,41;1 452,03
28.04.2017;2 315,75;31,98;1 734,57;1 470,81
29.04.2017;2 318,58;31,9;1 733,14;1 494,97
03.05.2017;2 299,42;31,04;1 712,02;1 488,64
04.05.2017;2 301,71;30,93;1 677,71;1 479,47
05.05.2017;2 287,51;30,54;1 673,27;1 488,17
06.05.2017;2 332,61;30,62;1 718,31;1 515,05
11.05.2017;2 283,73;30,42;1 689,99;1 488,31
12.05.2017;2 242,15;30,06;1 683,91;1 472,73
13.05.2017;2 256,71;29,96;1 696,35;1 477,64
16.05.2017;2 238,06;30,15;1 682,86;1 468,42
17.05.2017;2 232,16;30,24;1 689,43;1 454,28
18.05.2017;2 270,37;30,83;1 712,90;1 437,45
19.05.2017;2 330,53;31,06;1 729,40;1 437,47
20.05.2017;2 300,58;30,82;1 714,61;1 411,39
23.05.2017;2 280,13;30,79;1 703,86;1 382,34
24.05.2017;2 290,86;31,17;1 720,10;1 401,90
25.05.2017;2 264,02;30,81;1 704,32;1 400,37
26.05.2017;2 266,17;30,92;1 703,55;1 379,06
27.05.2017;2 308,30;31,55;1 738,98;1 412,35
30.05.2017;2 306,55;31,52;1 752,18;1 422,16
31.05.2017;2 294,58;31,38;1 718,93;1 446,38
01.06.2017;2 303,34;31,55;1 715,02;1 467,15
02.06.2017;2 301,50;31,14;1 714,11;1 483,26
03.06.2017;2 298,14;31,33;1 691,32;1 518,18
06.06.2017;2 331,16;31,89;1 734,67;1 534,45
07.06.2017;2 346,63;32;1 749,25;1 541,52
08.06.2017;2 351,86;32,02;1 746,57;1 559,17
09.06.2017;2 353,92;32,25;1 733,20;1 548,15
10.06.2017;2 335,26;31,8;1 717,20;1 581,58
14.06.2017;2 307,78;30,78;1 723,56;1 646,72
15.06.2017;2 325,42;31,1;1 701,55;1 624,54
16.06.2017;2 327,50;31,14;1 724,96;1 575,37
17.06.2017;2 332,76;31,11;1 711,61;1 616,93
20.06.2017;2 331,31;31,06;1 719,93;1 626,75
21.06.2017;2 347,59;31,24;1 745,86;1 632,86
22.06.2017;2 405,61;31,85;1 774,72;1 685,98
23.06.2017;2 419,97;32,06;1 796,51;1 713,35
24.06.2017;2 409,58;32,05;1 785,65;1 701,26
27.06.2017;2 353,82;31,36;1 747,08;1 627,57
28.06.2017;2 367,22;31,54;1 747,40;1 631,91
29.06.2017;2 395,94;32,12;1 759,24;1 646,30
30.06.2017;2 368,09;31,97;1 745,77;1 637,49
01.07.2017;2 373,75;31,45;1 758,47;1 609,55
04.07.2017;2 341,83;31,24;1 742,34;1 598,25
05.07.2017;2 331,30;30,75;1 730,98;1 622,44
06.07.2017;2 340,55;30,55;1 737,36;1 637,75
07.07.2017;2 371,28;31,01;1 760,59;1 634,70
08.07.2017;2 369,08;30,75;1 754,88;1 624,81
11.07.2017;2 341,12;29,51;1 746,80;1 622,72
12.07.2017;2 366,63;30,29;1 747,78;1 638,42
13.07.2017;2 376,69;30,85;1 763,90;1 662,55
14.07.2017;2 363,34;30,86;1 774,35;1 679,53
15.07.2017;2 346,73;30,24;1 742,31;1 653,75
18.07.2017;2 335,49;30,52;1 754,68;1 631,25
19.07.2017;2 361,38;30,87;1 763,74;1 645,39
20.07.2017;2 361,50;30,91;1 754,20;1 641,82
21.07.2017;2 348,87;30,73;1 736,18;1 620,31
22.07.2017;2 363,19;31,13;1 758,30;1 606,72
25.07.2017;2 408,75;31,65;1 793,35;1 613,06
26.07.2017;2 407,86;31,37;1 782,81;1 650,11
27.07.2017;2 398,83;31,53;1 777,84;1 648,79
28.07.2017;2 410,62;32,07;1 774,47;1 677,05
29.07.2017;2 411,34;31,7;1 772,71;1 678,90
01.08.2017;2 445,42;32,36;1 805,56;1 714,80
02.08.2017;2 437,90;32,21;1 814,40;1 710,50
03.08.2017;2 467,12;32,47;1 840,63;1 751,03
04.08.2017;2 464,50;32,17;1 853,55;1 736,36
05.08.2017;2 461,92;32,39;1 875,59;1 714,60
08.08.2017;2 428,31;31,15;1 857,61;1 679,96
09.08.2017;2 432,93;31,61;1 868,89;1 706,88
10.08.2017;2 444,34;31,98;1 877,67;1 725,37
11.08.2017;2 464,17;32,91;1 876,69;1 722,55
12.08.2017;2 492,94;33,07;1 900,23;1 741,56
15.08.2017;2 463,02;32,63;1 864,90;1 720,71
16.08.2017;2 455,75;32,54;1 851,54;1 728,24
17.08.2017;2 435,97;31,99;1 848,82;1 712,65
18.08.2017;2 449,51;32,42;1 855,37;1 748,70
19.08.2017;2 471,99;32,73;1 876,06;1 771,09
22.08.2017;2 448,27;32,36;1 863,39;1 770,22
23.08.2017;2 439,33;32,31;1 850,71;1 778,58
24.08.2017;2 445,68;32,43;1 861,19;1 777,54
25.08.2017;2 444,99;32,19;1 848,15;1 773,99
26.08.2017;2 447,50;32,37;1 861,70;1 785,64
29.08.2017;2 419,35;32,04;1 835,27;1 750,56
30.08.2017;2 490,44;33,12;1 879,96;1 772,70
31.08.2017;2 474,72;32,93;1 871,24;1 774,94
01.09.2017;2 457,88;32,64;1 863,45;1 759,93
02.09.2017;2 460,84;32,66;1 860,93;1 743,34
05.09.2017;2 479,32;33,07;1 878,16;1 835,43
06.09.2017;2 475,84;33,26;1 859,93;1 811,57
07.09.2017;2 470,54;32,76;1 858,23;1 780,80
08.09.2017;2 462,58;32,68;1 846,31;1 730,57
09.09.2017;2 475,50;33,37;1 858,14;1 739,03
12.09.2017;2 460,67;32,81;1 843,55;1 744,30
13.09.2017;2 441,80;32,68;1 815,35;1 728,82
14.09.2017;2 470,08;33,21;1 828,11;1 753,95
15.09.2017;2 457,30;32,97;1 816,50;1 747,78
16.09.2017;2 450,91;32,74;1 809,05;1 718,41
19.09.2017;2 435,14;32,48;1 793,37;1 734,09
20.09.2017;2 444,10;32,04;1 785,75;1 737,18
21.09.2017;2 457,40;32,48;1 781,05;1 696,95
22.09.2017;2 428,57;31,73;1 759,63;1 710,96
23.09.2017;2 404,09;31,46;1 746,07;1 696,02
26.09.2017;2 397,70;31,37;1 723,08;1 702,73
27.09.2017;2 416,80;31,46;1 729,06;1 693,93
28.09.2017;2 408,36;31,5;1 715,86;1 708,40
29.09.2017;2 412,46;31,6;1 726,27;1 750,69
30.09.2017;2 400,53;31,45;1 721,66;1 744,04
03.10.2017;2 366,37;30,82;1 697,03;1 745,36
04.10.2017;2 366,97;30,94;1 698,81;1 702,54
05.10.2017;2 369,68;31,26;1 698,00;1 707,29
06.10.2017;2 366,67;30,84;1 693,92;1 717,98
07.10.2017;2 355,13;30,87;1 699,21;1 749,35
10.10.2017;2 403,87;31,72;1 719,26;1 743,63
11.10.2017;2 407,73;31,96;1 723,27;1 740,08
12.10.2017;2 402,61;31,94;1 731,85;1 743,02
13.10.2017;2 400,78;31,89;1 735,98;1 787,91
14.10.2017;2 396,96;31,86;1 733,95;1 821,02
17.10.2017;2 395,42;31,95;1 730,74;1 844,54
18.10.2017;2 377,56;31,54;1 710,76;1 817,69
19.10.2017;2 358,11;31,21;1 703,24;1 800,83
20.10.2017;2 375,49;31,51;1 706,56;1 771,35
21.10.2017;2 367,24;31,57;1 699,27;1 789,88
24.10.2017;2 356,31;31,4;1 692,51;1 783,05
25.10.2017;2 366,65;31,54;1 708,85;1 777,35
26.10.2017;2 358,02;31,29;1 693,03;1 785,65
27.10.2017;2 373,46;31,52;1 710,45;1 797,73
28.10.2017;2 367,52;31,22;1 710,56;1 807,66
31.10.2017;2 368,10;31,11;1 709,90;1 795,49
01.11.2017;2 381,26;31,27;1 715,31;1 816,21
02.11.2017;2 391,87;31,45;1 733,26;1 856,66
03.11.2017;2 383,72;31,64;1 734,94;1 854,46
04.11.2017;2 395,72;32,09;1 732,03;1 867,28
08.11.2017;2 398,76;31,79;1 740,32;1 866,24
09.11.2017;2 442,51;32,39;1 765,81;1 906,77
10.11.2017;2 446,04;32,38;1 777,38;1 941,21
11.11.2017;2 448,06;32,59;1 785,85;1 921,17
14.11.2017;2 432,48;32,35;1 769,56;1 879,92
15.11.2017;2 441,49;32,44;1 778,84;1 905,35
16.11.2017;2 490,46;32,8;1 801,46;1 894,43
17.11.2017;2 464,32;33,01;1 795,63;1 901,71
18.11.2017;2 461,43;32,67;1 788,77;1 905,72
21.11.2017;2 462,86;32,56;1 799,00;1 898,10
22.11.2017;2 446,97;32,78;1 772,14;1 900,22
23.11.2017;2 435,77;32,25;1 771,88;1 908,47
24.11.2017;2 424,97;31,89;1 753,67;1 883,36
25.11.2017;2 425,97;32,17;1 761,40;1 898,78
28.11.2017;2 425,82;31,95;1 761,24;1 866,16
29.11.2017;2 429,95;32,11;1 776,59;1 881,76
30.11.2017;2 428,34;32,01;1 779,74;1 920,40
01.12.2017;2 414,85;31,82;1 772,31;1 917,34
02.12.2017;2 403,02;31,17;1 770,40;1 907,74
05.12.2017;2 425,95;31,14;1 767,64;1 926,95
06.12.2017;2 407,63;30,81;1 739,82;1 879,46
07.12.2017;2 403,37;30,85;1 727,86;1 875,64
08.12.2017;2 395,93;30,72;1 715,73;1 904,46
09.12.2017;2 374,50;30,32;1 705,81;1 934,52
12.12.2017;2 383,22;30,14;1 694,95;1 925,39
13.12.2017;2 352,08;29,95;1 687,35;1 903,00
14.12.2017;2 360,95;30,01;1 667,65;1 911,05
15.12.2017;2 369,96;29,64;1 659,12;1 902,61
16.12.2017;2 380,77;30,32;1 668,29;1 956,13
19.12.2017;2 375,14;30,16;1 690,80;1 926,68
20.12.2017;2 380,20;30,32;1 711,04;1 920,21
21.12.2017;2 389,85;30,5;1 732,99;1 938,76
22.12.2017;2 383,26;30,47;1 720,82;1 937,33
23.12.2017;2 377,44;30,27;1 709,89;1 927,37
26.12.2017;2 372,69;30,27;1 706,48;1 923,53
27.12.2017;2 353,75;30,02;1 692,85;1 908,17
28.12.2017;2 374,39;29,88;1 703,12;1 958,03
29.12.2017;2 393,10;30,57;1 710,15;1 960,28
30.12.2017;2 400,97;31;1 716,70;1 955,59
10.01.2018;2 411,72;31,49;1 764,38;2 022,99
11.01.2018;2 416,66;31,19;1 760,87;2 009,54
12.01.2018;2 418,56;31,4;1 788,47;1 982,71
13.01.2018;2 425,60;30,95;1 810,69;1 976,29
16.01.2018;2 433,40;31,02;1 802,86;2 043,84
17.01.2018;2 420,14;31,41;1 796,59;2 014,14
18.01.2018;2 433,29;31,1;1 821,31;2 008,72
19.01.2018;2 426,61;31,41;1 823,04;2 018,30
20.01.2018;2 430,33;31,09;1 841,22;2 021,34
23.01.2018;2 428,91;31,02;1 853,34;1 998,99
24.01.2018;2 425,06;30,9;1 795,53;1 973,27
25.01.2018;2 448,38;30,78;1 838,32;1 992,42
26.01.2018;2 445,94;30,91;1 834,11;1 988,76
27.01.2018;2 430,97;31,45;1 830,83;1 969,05
30.01.2018;2 440,32;31,49;1 826,08;1 972,67
31.01.2018;2 435,46;31,37;1 806,19;1 956,40
01.02.2018;2 426,57;31,24;1 813,58;1 920,16
02.02.2018;2 425,84;31,17;1 803,41;1 864,92
03.02.2018;2 423,36;30,97;1 807,16;1 886,43
06.02.2018;2 434,36;31,2;1 809,70;1 889,81
07.02.2018;2 473,69;31,04;1 832,29;1 893,00
08.02.2018;2 432,60;30,77;1 805,45;1 843,91
09.02.2018;2 431,01;30,95;1 806,04;1 835,71
10.02.2018;2 461,36;30,57;1 817,90;1 814,16
13.02.2018;2 465,36;30,51;1 801,87;1 841,04
14.02.2018;2 469,16;30,51;1 803,49;1 835,06
15.02.2018;2 463,96;30,75;1 801,56;1 831,19
16.02.2018;2 463,01;30,17;1 828,56;1 855,86
17.02.2018;2 461,60;30,48;1 831,80;1 862,60
20.02.2018;2 440,81;30,5;1 829,61;1 902,07
21.02.2018;2 430,27;30,38;1 820,80;1 871,68
22.02.2018;2 419,99;30,18;1 810,53;1 870,64
23.02.2018;2 415,26;29,99;1 801,18;1 868,70
27.02.2018;2 407,47;29,86;1 806,88;1 907,57
28.02.2018;2 385,47;29,84;1 782,73;1 899,07
01.03.2018;2 393,01;30,11;1 778,03;1 901,28
02.03.2018;2 379,10;29,83;1 763,57;1 850,66
03.03.2018;2 398,74;29,72;1 748,84;1 805,32
06.03.2018;2 434,83;30,19;1 775,22;1 821,12
07.03.2018;2 406,97;29,99;1 743,98;1 782,13
08.03.2018;2 433,41;30,35;1 753,15;1 787,85
13.03.2018;2 397,56;30;1 743,68;1 803,74
14.03.2018;2 413,92;30,12;1 759,14;1 795,75
15.03.2018;2 425,42;30,22;1 773,82;1 837,89
16.03.2018;2 425,96;30,44;1 754,37;1 822,20
17.03.2018;2 440,09;30,54;1 769,00;1 830,00
20.03.2018;2 427,09;30,48;1 743,02;1 844,79
21.03.2018;2 435,42;30,21;1 762,44;1 845,93
22.03.2018;2 433,30;30,04;1 748,70;1 822,64
23.03.2018;2 428,36;29,69;1 747,01;1 805,49
24.03.2018;2 464,61;30,33;1 751,58;1 802,99
27.03.2018;2 471,24;30,44;1 741,08;1 797,89
28.03.2018;2 482,78;30,59;1 759,16;1 797,77
29.03.2018;2 481,73;30,45;1 743,25;1 808,03
30.03.2018;2 458,63;30,23;1 738,25;1 803,25
31.03.2018;2 437,35;29,97;1 723,28;1 785,87
03.04.2018;2 438,21;29,98;1 723,88;1 786,50
04.04.2018;2 472,54;30,56;1 727,78;1 740,73
05.04.2018;2 494,46;30,57;1 716,03;1 725,31
06.04.2018;2 456,67;30,18;1 684,62;1 719,79
07.04.2018;2 464,79;30,26;1 693,89;1 684,60
10.04.2018;2 501,72;30,77;1 728,70;1 724,93
11.04.2018;2 678,90;33,07;1 870,89;1 874,90
12.04.2018;2 770,65;34,12;1 917,54;1 966,97
13.04.2018;2 685,69;33,23;1 847,80;1 905,67
14.04.2018;2 648,05;32,6;1 842,73;1 931,60
17.04.2018;2 691,93;33,24;1 862,16;1 978,30
18.04.2018;2 640,06;32,68;1 824,33;1 948,18
19.04.2018;2 664,83;33,53;1 868,18;2 010,67
20.04.2018;2 637,35;33,64;1 858,81;2 064,25
21.04.2018;2 642,18;33,73;1 835,52;2 005,07
24.04.2018;2 637,15;33,63;1 830,91;2 039,42
25.04.2018;2 631,54;32,9;1 821,97;1 913,17
26.04.2018;2 631,90;32,89;1 832,42;1 929,70
27.04.2018;2 660,62;33,36;1 829,56;1 950,33
28.04.2018;2 657,39;33,34;1 831,15;1 980,39
29.04.2018;2 634,19;32,95;1 815,93;1 959,45
04.05.2018;2 680,60;33,61;1 839,05;1 988,05
05.05.2018;2 660,55;33,35;1 826,74;1 960,85
08.05.2018;2 640,18;33,1;1 816,71;1 941,72
09.05.2018;2 653,78;33,31;1 841,37;1 968,99
11.05.2018;2 642,95;33,37;1 841,30;1 965,93
12.05.2018;2 629,51;33,27;1 839,94;1 992,78
15.05.2018;2 622,78;33,06;1 838,94;1 975,97
16.05.2018;2 607,86;32,67;1 801,54;1 944,87
17.05.2018;2 587,50;32,56;1 796,78;1 969,04
18.05.2018;2 561,73;32,57;1 764,99;1 951,83
19.05.2018;2 563,38;32,64;1 764,42;1 953,60
22.05.2018;2 585,16;32,85;1 769,21;1 954,18
23.05.2018;2 548,45;32,66;1 778,54;1 965,65
24.05.2018;2 562,52;32,73;1 790,20;1 936,74
25.05.2018;2 559,44;32,6;1 792,70;1 911,16
26.05.2018;2 585,22;33,05;1 808,13;1 942,95
29.05.2018;2 609,68;33,37;1 817,87;1 958,01
30.05.2018;2 622,31;33,18;1 824,67;1 973,71
31.05.2018;2 613,35;32,94;1 823,26;1 970,17
01.06.2018;2 599,11;33;1 818,48;1 972,02
02.06.2018;2 598,24;32,84;1 819,96;1 977,96
05.06.2018;2 577,73;32,73;1 793,95;2 008,98
06.06.2018;2 575,16;32,65;1 787,52;1 978,82
07.06.2018;2 582,15;32,98;1 798,18;1 989,56
08.06.2018;2 580,13;33,28;1 802,50;2 021,10
09.06.2018;2 617,66;33,69;1 809,31;2 041,01
10.06.2018;2 602,18;33,51;1 805,94;2 034,44
14.06.2018;2 626,65;34,3;1 812,11;2 043,44
15.06.2018;2 612,45;34,27;1 811,28;2 033,44
16.06.2018;2 620,18;34,71;1 819,88;2 029,48
19.06.2018;2 615,10;33,89;1 808,37;2 022,68
20.06.2018;2 634,54;33,69;1 812,66;2 024,82
21.06.2018;2 604,24;33,31;1 763,09;1 990,12
22.06.2018;2 591,61;33,32;1 771,90;1 972,88
23.06.2018;2 581,55;33,4;1 758,72;1 947,80
26.06.2018;2 569,92;33,14;1 774,94;1 936,85
27.06.2018;2 537,90;32,75;1 740,18;1 895,62
28.06.2018;2 551,13;32,9;1 747,71;1 926,34
29.06.2018;2 544,58;32,78;1 733,69;1 935,14
30.06.2018;2 523,19;32,34;1 706,95;1 912,75
03.07.2018;2 535,44;32,44;1 709,24;1 928,48
04.07.2018;2 532,25;32,38;1 670,76;1 914,66
05.07.2018;2 555,01;32,62;1 703,47;1 923,01
06.07.2018;2 547,42;32,44;1 710,48;1 928,11
07.07.2018;2 545,28;32,46;1 702,67;1 917,79
10.07.2018;2 550,64;32,74;1 731,27;1 943,39
11.07.2018;2 516,96;31,98;1 690,42;1 903,23
12.07.2018;2 495,62;31,77;1 679,05;1 874,71
13.07.2018;2 489,67;31,68;1 663,98;1 883,98
14.07.2018;2 484,45;31,66;1 666,31;1 886,62
17.07.2018;2 491,75;31,64;1 663,30;1 883,47
18.07.2018;2 496,42;31,66;1 660,07;1 846,75
19.07.2018;2 474,18;31,22;1 629,97;1 838,27
20.07.2018;2 476,59;31,04;1 635,60;1 839,03
21.07.2018;2 500,18;31,37;1 663,59;1 820,76
24.07.2018;2 497,98;31,46;1 680,29;1 808,29
25.07.2018;2 476,80;31,38;1 687,21;1 857,15
26.07.2018;2 495,78;31,57;1 699,62;1 880,13
27.07.2018;2 485,93;31,44;1 695,94;1 898,32
28.07.2018;2 468,31;31,09;1 660,18;1 876,82
31.07.2018;2 466,63;31,27;1 663,19;1 869,07
01.08.2018;2 443,99;30,93;1 655,79;1 856,25
02.08.2018;2 459,34;31,13;1 669,39;1 868,51
03.08.2018;2 471,56;31,36;1 658,40;1 869,50
04.08.2018;2 463,85;31,34;1 681,06;1 868,75
07.08.2018;2 474,29;31,33;1 698,52;1 865,92
08.08.2018;2 482,99;31,59;1 703,81;1 859,07
09.08.2018;2 478,80;31,37;1 690,91;1 850,39
10.08.2018;2 590,39;32,99;1 764,58;1 911,62
11.08.2018;2 606,41;33,07;1 785,43;1 933,86
14.08.2018;2 641,77;33,31;1 794,23;1 978,48
15.08.2018;2 565,32;32,27;1 725,52;1 916,53
16.08.2018;2 532,51;31,64;1 681,65;1 899,33
17.08.2018;2 537,03;31,41;1 679,67;1 858,17
18.08.2018;2 530,03;31,52;1 681,38;1 939,39
21.08.2018;2 567,59;31,87;1 717,13;1 982,80
22.08.2018;2 579,05;31,93;1 727,86;1 980,56
23.08.2018;2 601,85;32,2;1 717,39;1 986,96
24.08.2018;2 615,81;32,22;1 718,46;2 018,09
25.08.2018;2 593,54;31,86;1 708,75;2 011,71
28.08.2018;2 595,22;31,68;1 703,14;2 019,49
29.08.2018;2 627,63;32,28;1 748,50;2 058,34
30.08.2018;2 638,52;32,18;1 735,20;2 061,65
31.08.2018;2 631,81;32,1;1 731,41;2 145,11
01.09.2018;2 640,21;32,06;1 745,77;2 137,37
04.09.2018;2 617,34;31,64;1 714,11;2 145,36
05.09.2018;2 624,73;31,28;1 707,75;2 120,42
06.09.2018;2 629,69;31,19;1 703,67;2 161,51
07.09.2018;2 642,60;31,3;1 733,50;2 157,00
08.09.2018;2 664,85;31,48;1 759,92;2 172,71
11.09.2018;2 686,15;31,93;1 756,62;2 199,15
12.09.2018;2 686,17;31,78;1 775,04;2 179,99
13.09.2018;2 679,26;31,66;1 764,85;2 176,42
14.09.2018;2 662,75;31,39;1 774,21;2 155,97
15.09.2018;2 648,01;31,21;1 771,64;2 149,23
18.09.2018;2 624,04;31,07;1 743,07;2 148,69
19.09.2018;2 612,62;30,95;1 744,80;2 158,67
20.09.2018;2 591,76;30,56;1 766,62;2 184,58
21.09.2018;2 570,98;30,41;1 756,73;2 220,49
22.09.2018;2 572,16;30,52;1 784,92;2 249,25
25.09.2018;2 549,83;30,45;1 756,96;2 239,81
26.09.2018;2 538,40;30,24;1 756,53;2 236,93
27.09.2018;2 534,48;30,6;1 746,32;2 238,92
28.09.2018;2 531,52;30,52;1 754,71;2 275,41
29.09.2018;2 495,75;30,17;1 710,22;2 290,14
02.10.2018;2 498,93;30,68;1 714,02;2 245,30
03.10.2018;2 500,91;30,42;1 727,88;2 210,17
04.10.2018;2 531,49;30,99;1 743,75;2 208,61
05.10.2018;2 553,33;31,14;1 747,70;2 243,70
06.10.2018;2 572,88;31,35;1 758,67;2 259,92
09.10.2018;2 572,51;31,14;1 754,76;2 284,42
10.10.2018;2 534,99;30,58;1 750,63;2 312,11
11.10.2018;2 524,47;30,59;1 744,83;2 283,17
12.10.2018;2 578,51;30,91;1 766,81;2 305,65
13.10.2018;2 585,15;30,97;1 779,64;2 305,69
16.10.2018;2 606,48;31,16;1 784,16;2 283,05
17.10.2018;2 589,01;31,09;1 776,08;2 285,94
18.10.2018;2 579,54;30,81;1 766,30;2 277,27
19.10.2018;2 587,66;30,67;1 758,07;2 273,66
20.10.2018;2 598,94;30,91;1 753,08;2 289,48
23.10.2018;2 567,66;30,72;1 749,01;2 288,62
24.10.2018;2 594,47;30,9;1 738,61;2 385,34
25.10.2018;2 598,84;31,11;1 745,01;2 407,57
26.10.2018;2 604,56;31,16;1 750,25;2 352,70
27.10.2018;2 608,31;31;1 743,02;2 287,45
30.10.2018;2 604,18;31,08;1 760,46;2 333,87
31.10.2018;2 579,92;30,98;1 761,54;2 296,55
01.11.2018;2 568,09;30,42;1 752,55;2 260,81
02.11.2018;2 581,97;30,27;1 789,92;2 288,05
03.11.2018;2 604,98;30,47;1 823,80;2 327,72
07.11.2018;2 619,94;31,26;1 843,73;2 405,97
08.11.2018;2 624,36;31,24;1 861,41;2 384,14
09.11.2018;2 604,57;31,23;1 854,25;2 390,73
10.11.2018;2 620,06;31,14;1 850,52;2 407,18
13.11.2018;2 620,43;31,13;1 847,47;2 409,74
14.11.2018;2 605,87;30,81;1 836,54;2 404,48
15.11.2018;2 626,57;30,65;1 821,08;2 415,72
16.11.2018;2 592,80;29,92;1 784,08;2 422,32
17.11.2018;2 579,59;29,98;1 784,37;2 467,57
20.11.2018;2 596,63;30,32;1 791,14;2 508,45
21.11.2018;2 579,12;30,28;1 790,26;2 429,19
22.11.2018;2 595,24;30,62;1 791,65;2 446,82
23.11.2018;2 590,75;30,42;1 784,47;2 423,59
24.11.2018;2 580,23;30,65;1 777,65;2 419,46
27.11.2018;2 622,89;30,48;1 808,96;2 433,33
28.11.2018;2 630,21;30,87;1 805,65;2 451,90
29.11.2018;2 611,15;30,72;1 788,55;2 500,96
30.11.2018;2 627,47;30,31;1 763,14;2 534,39
01.12.2018;2 610,66;30,51;1 732,67;2 549,81
04.12.2018;2 623,78;30,34;1 728,52;2 544,82
05.12.2018;2 647,42;30,73;1 721,87;2 638,34
06.12.2018;2 655,80;31,25;1 712,31;2 683,41
07.12.2018;2 653,01;31,07;1 697,22;2 619,86
08.12.2018;2 670,58;30,94;1 697,62;2 605,60
11.12.2018;2 655,33;30,85;1 676,09;2 598,25
12.12.2018;2 668,88;31,07;1 667,71;2 651,24
13.12.2018;2 658,20;31,26;1 680,66;2 680,09
14.12.2018;2 650,86;31,22;1 704,12;2 692,50
15.12.2018;2 646,69;31,35;1 691,63;2 663,46
18.12.2018;2 654,04;31,23;1 679,25;2 675,24
19.12.2018;2 679,82;31,33;1 699,56;2 708,14
20.12.2018;2 694,11;31,62;1 706,74;2 725,18
21.12.2018;2 718,36;31,72;1 713,33;2 759,52
22.12.2018;2 749,77;32,29;1 733,91;2 752,83
25.12.2018;2 773,92;32,31;1 741,88;2 727,19
26.12.2018;2 787,61;32,43;1 750,47;2 740,64
27.12.2018;2 793,35;32,5;1 754,08;2 746,29
28.12.2018;2 814,75;32,5;1 762,68;2 790,17
29.12.2018;2 854,88;33,65;1 776,97;2 834,20
30.12.2018;2 856,68;34,16;1 760,02;2 836,58
10.01.2019;2 763,32;33,73;1 774,93;2 887,76
11.01.2019;2 778,16;33,58;1 771,28;2 835,34
12.01.2019;2 781,36;33,79;1 770,62;2 852,78
15.01.2019;2 794,74;33,87;1 730,38;2 836,44
16.01.2019;2 780,79;33,68;1 727,54;2 855,52
17.01.2019;2 769,98;33,48;1 717,15;2 859,05
18.01.2019;2 764,26;33,2;1 719,65;2 967,20
19.01.2019;2 740,48;33,22;1 727,39;3 021,87
22.01.2019;2 728,27;33,01;1 702,64;2 955,08
23.01.2019;2 748,89;32,65;1 696,72;2 849,98
24.01.2019;2 740,20;32,54;1 686,90;2 872,63
25.01.2019;2 715,63;32,65;1 680,62;2 858,33
26.01.2019;2 718,93;32,42;1 701,78;2 784,73
29.01.2019;2 757,73;32,59;1 719,07;2 859,47
30.01.2019;2 790,60;33,45;1 744,73;2 855,98
31.01.2019;2 790,18;33,69;1 734,10;2 856,16
01.02.2019;2 778,97;33,44;1 718,86;2 874,57
02.02.2019;2 788,13;33,93;1 735,26;2 866,76
05.02.2019;2 764,42;33,76;1 726,97;2 857,20
06.02.2019;2 770,04;33,19;1 728,64;2 890,20
07.02.2019;2 772,87;33,5;1 720,70;2 905,14
08.02.2019;2 773,37;33,39;1 708,68;2 916,44
09.02.2019;2 784,73;33,37;1 688,55;2 967,18
12.02.2019;2 758,22;33,31;1 669,60;2 929,72
13.02.2019;2 771,12;33,18;1 666,98;2 943,10
14.02.2019;2 768,63;33,38;1 670,28;2 975,25
15.02.2019;2 793,31;33,58;1 677,29;3 014,42
16.02.2019;2 826,58;33,41;1 689,94;3 036,75
19.02.2019;2 819,87;33,39;1 716,69;3 105,38
20.02.2019;2 829,88;33,55;1 730,43;3 154,36
21.02.2019;2 849,42;33,41;1 744,69;3 171,78
22.02.2019;2 813,17;33,79;1 727,87;3 082,78
23.02.2019;2 785,12;33,51;1 748,27;3 123,72
26.02.2019;2 788,69;33,3;1 783,38;3 197,50
27.02.2019;2 800,70;33,66;1 789,00;3 251,01
28.02.2019;2 804,29;33,47;1 826,61;3 287,48
01.03.2019;2 807,83;33,6;1 851,48;3 272,92
02.03.2019;2 771,83;33,46;1 823,98;3 243,80
05.03.2019;2 723,44;32,92;1 787,49;3 259,79
06.03.2019;2 718,46;32,07;1 770,70;3 219,84
07.03.2019;2 721,38;31,99;1 759,14;3 196,52
08.03.2019;2 728,21;32,01;1 751,79;3 272,41
12.03.2019;2 753,97;32,11;1 727,14;3 214,22
13.03.2019;2 742,36;32,34;1 761,35;3 275,31
14.03.2019;2 759,07;32,57;1 767,12;3 251,67
15.03.2019;2 731,86;32,63;1 751,57;3 265,53
16.03.2019;2 739,87;32,04;1 752,05;3 276,95
19.03.2019;2 714,04;31,93;1 729,87;3 241,42
20.03.2019;2 705,44;31,8;1 736,98;3 300,25
21.03.2019;2 692,86;31,85;1 775,26;3 304,59
22.03.2019;2 699,61;31,4;1 780,89;3 287,16
23.03.2019;2 688,11;31,86;1 759,13;3 247,62
26.03.2019;2 735,93;32,06;1 762,64;3 185,20
27.03.2019;2 713,44;32,03;1 757,72;3 224,56
28.03.2019;2 737,60;32,06;1 790,11;3 142,04
29.03.2019;2 722,80;32,08;1 787,56;2 979,27
30.03.2019;2 687,23;31,62;1 762,83;2 886,72
02.04.2019;2 717,15;31,7;1 783,53;2 900,34
03.04.2019;2 709,54;31,63;1 780,82;2 951,20
04.04.2019;2 706,51;31,77;1 801,76;2 998,04
05.04.2019;2 712,81;31,68;1 852,50;2 953,09
06.04.2019;2 710,41;31,95;1 909,42;2 815,77
09.04.2019;2 725,26;31,81;1 914,05;2 907,84
10.04.2019;2 711,25;31,77;1 882,68;2 901,08
11.04.2019;2 715,75;31,73;1 854,48;2 884,75
12.04.2019;2 701,25;31,39;1 871,71;2 836,55
13.04.2019;2 688,57;31,25;1 864,77;2 839,68
16.04.2019;2 657,89;30,85;1 836,30;2 831,92
17.04.2019;2 651,50;30,87;1 834,10;2 829,64
18.04.2019;2 623,51;30,84;1 817,40;2 800,11
19.04.2019;2 629,41;30,81;1 820,91;2 852,90
20.04.2019;2 623,31;30,75;1 830,17;2 868,63
23.04.2019;2 616,16;30,67;1 825,18;2 860,82
24.04.2019;2 611,74;30,71;1 833,52;2 820,01
25.04.2019;2 620,20;30,45;1 834,84;2 873,62
26.04.2019;2 657,28;30,91;1 834,11;2 946,64
27.04.2019;2 665,93;31,2;1 849,41;2 937,41
30.04.2019;2 666,72;31,14;1 861,50;3 032,47
01.05.2019;2 670,47;31,14;1 866,00;2 842,63
07.05.2019;2 685,68;30,78;1 795,99;2 854,67
08.05.2019;2 686,58;31,09;1 838,86;2 809,66
09.05.2019;2 700,60;31,31;1 826,62;2 785,01
14.05.2019;2 700,50;30,86;1 795,49;2 807,96
15.05.2019;2 724,24;30,98;1 795,03;2 792,26
16.05.2019;2 708,13;30,89;1 772,20;2 764,63
17.05.2019;2 689,10;30,71;1 760,15;2 775,14
18.05.2019;2 671,88;30,09;1 716,42;2 749,18
21.05.2019;2 644,05;29,89;1 698,08;2 730,62
22.05.2019;2 647,59;29,94;1 684,83;2 761,72
23.05.2019;2 638,46;29,9;1 677,52;2 723,38
24.05.2019;2 645,61;30,02;1 658,75;2 718,28
25.05.2019;2 662,03;30,22;1 674,29;2 771,09
28.05.2019;2 658,05;30,16;1 658,04;2 754,42
29.05.2019;2 664,08;30,05;1 678,67;2 763,88
30.05.2019;2 678,47;30;1 661,13;2 783,86
31.05.2019;2 669,91;30,12;1 656,60;2 800,75
01.06.2019;2 724,35;30,44;1 666,98;2 873,60
04.06.2019;2 769,32;30,99;1 679,78;2 815,79
05.06.2019;2 772,92;30,84;1 719,98;2 780,05
06.06.2019;2 800,97;31,07;1 723,19;2 793,12
07.06.2019;2 803,38;31,37;1 692,54;2 799,92
08.06.2019;2 790,11;31,18;1 679,13;2 816,67
11.06.2019;2 767,62;30,72;1 664,40;2 816,36
12.06.2019;2 743,48;30,48;1 665,61;2 874,88
14.06.2019;2 775,72;30,74;1 687,29;2 954,84
15.06.2019;2 801,67;31,13;1 694,53;3 038,97
18.06.2019;2 756,91;30,56;1 652,25;3 033,60
19.06.2019;2 781,10;30,81;1 650,60;3 067,47
20.06.2019;2 761,30;30,74;1 645,59;3 075,19
21.06.2019;2 815,75;31,24;1 660,94;3 105,85
22.06.2019;2 817,88;31,03;1 633,88;3 028,25
25.06.2019;2 842,64;31,09;1 638,29;3 066,24
26.06.2019;2 873,62;30,96;1 632,25;3 069,51
27.06.2019;2 840,70;30,8;1 625,56;3 085,54
28.06.2019;2 842,29;30,91;1 645,88;3 082,99
29.06.2019;2 865,87;30,87;1 654,79;3 112,87
02.07.2019;2 817,96;30,94;1 688,69;3 144,24
03.07.2019;2 831,86;30,84;1 697,37;3 152,84
04.07.2019;2 909,22;31,25;1 696,41;3 182,56
05.07.2019;2 884,84;31,15;1 704,10;3 186,02
06.07.2019;2 891,42;31,09;1 700,84;3 203,38
09.07.2019;2 884,91;30,95;1 669,47;3 225,99
10.07.2019;2 845,37;30,8;1 656,50;3 185,89
11.07.2019;2 862,32;30,96;1 667,61;3 179,33
12.07.2019;2 882,23;30,92;1 681,01;3 242,53
13.07.2019;2 847,96;30,68;1 669,55;3 154,72
16.07.2019;2 860,78;30,95;1 694,75;3 151,15
17.07.2019;2 859,79;31,09;1 702,42;3 134,23
18.07.2019;2 834,84;31,59;1 689,81;3 076,07
19.07.2019;2 870,20;32,38;1 714,97;3 096,64
20.07.2019;2 904,57;32,98;1 732,17;3 076,28
23.07.2019;2 884,19;33,18;1 719,03;3 037,16
24.07.2019;2 877,12;33,35;1 713,02;3 070,85
25.07.2019;2 892,77;33,55;1 749,20;3 104,72
26.07.2019;2 896,27;33,58;1 788,91;3 125,02
27.07.2019;2 878,45;33,37;1 751,53;3 109,32
30.07.2019;2 897,85;33,47;1 770,63;3 128,72
31.07.2019;2 910,73;33,53;1 795,20;3 152,30
01.08.2019;2 916,76;33,59;1 782,01;3 117,49
02.08.2019;2 886,37;32,85;1 748,57;3 107,20
03.08.2019;2 984,54;33,66;1 756,16;2 953,26
06.08.2019;3 048,33;34,48;1 782,00;2 953,27
07.08.2019;3 064,51;34,35;1 792,36;3 004,03
08.08.2019;3 113,34;35,2;1 787,25;2 990,60
09.08.2019;3 135,52;35,64;1 794,54;2 965,07
10.08.2019;3 154,30;35,67;1 810,55;2 998,00
13.08.2019;3 159,47;35,67;1 798,56;2 995,50
14.08.2019;3 221,08;36,79;1 824,41;3 037,16
15.08.2019;3 145,23;35,88;1 779,78;3 025,00
16.08.2019;3 215,04;36,63;1 779,48;3 031,48
17.08.2019;3 201,94;36,41;1 769,60;3 070,28
20.08.2019;3 210,86;36,24;1 807,43;3 115,89
21.08.2019;3 226,42;36,54;1 833,67;3 186,38
22.08.2019;3 194,86;36,45;1 798,06;3 178,56
23.08.2019;3 161,83;35,78;1 793,26;3 094,96
24.08.2019;3 154,36;35,96;1 813,94;3 125,89
27.08.2019;3 189,70;36,16;1 805,05;3 096,80
28.08.2019;3 263,35;37,76;1 823,56;3 148,63
29.08.2019;3 291,97;39,21;1 853,37;3 155,85
30.08.2019;3 297,60;39,66;1 965,71;3 186,76
31.08.2019;3 263,29;39,3;1 998,74;3 206,54
03.09.2019;3 263,01;39,31;2 004,91;3 287,96
04.09.2019;3 296,48;39,74;2 013,44;3 304,11
05.09.2019;3 290,00;41,27;2 069,61;3 303,26
06.09.2019;3 275,94;40,82;2 085,42;3 312,89
07.09.2019;3 193,33;38,5;1 994,57;3 299,53
10.09.2019;3 183,15;38,3;1 996,39;3 265,47
11.09.2019;3 144,52;37,85;1 973,48;3 248,45
12.09.2019;3 142,18;38,21;1 975,36;3 285,96
13.09.2019;3 150,08;38,13;1 999,52;3 349,30
14.09.2019;3 122,25;37,61;1 979,52;3 333,05
17.09.2019;3 082,34;36,6;1 955,64;3 320,28
18.09.2019;3 090,88;36,78;1 921,36;3 279,92
19.09.2019;3 111,72;36,98;1 943,01;3 308,09
20.09.2019;3 093,77;36,66;1 916,06;3 278,77
21.09.2019;3 087,59;36,7;1 939,88;3 380,93
24.09.2019;3 123,92;37,79;1 963,37;3 408,66
25.09.2019;3 113,77;38,01;1 960,12;3 391,81
26.09.2019;3 159,17;38,32;1 968,74;3 450,45
27.09.2019;3 114,97;37,14;1 918,11;3 406,30
28.09.2019;3 098,54;36,28;1 923,97;3 427,52
01.10.2019;3 091,60;35,86;1 922,38;3 514,31
02.10.2019;3 067,01;35,79;1 843,01;3 487,28
03.10.2019;3 122,35;36,31;1 838,84;3 460,98
04.10.2019;3 149,40;36,85;1 863,67;3 545,17
05.10.2019;3 156,00;36,81;1 848,23;3 472,75
08.10.2019;3 130,78;36,32;1 823,67;3 443,10
09.10.2019;3 128,29;36,61;1 837,35;3 397,32
10.10.2019;3 146,52;37,21;1 856,43;3 472,18
11.10.2019;3 139,30;36,95;1 852,53;3 505,23
12.10.2019;3 093,85;36,34;1 862,48;3 522,61
15.10.2019;3 092,08;36,43;1 843,82;3 520,03
16.10.2019;3 087,91;36,5;1 842,73;3 565,64
17.10.2019;3 067,03;35,7;1 830,85;3 603,77
18.10.2019;3 055,16;35,91;1 815,25;3 640,80
19.10.2019;3 058,56;35,85;1 815,60;3 606,53
22.10.2019;3 056,17;36,34;1 830,60;3 612,01
23.10.2019;3 043,12;36,06;1 816,73;3 592,54
24.10.2019;3 065,02;35,97;1 835,83;3 595,76
25.10.2019;3 056,83;35,99;1 886,84;3 580,69
26.10.2019;3 095,87;37,29;1 909,39;3 652,13
29.10.2019;3 090,57;37,22;1 905,62;3 661,33
30.10.2019;3 063,49;37,05;1 879,86;3 694,04
31.10.2019;3 060,14;36,27;1 891,34;3 665,63
01.11.2019;3 088,73;36,82;1 898,68;3 696,88
02.11.2019;3 108,27;37,17;1 918,67;3 689,12
06.11.2019;3 059,56;36,98;1 903,33;3 631,78
07.11.2019;3 043,19;36,89;1 897,20;3 632,90
08.11.2019;3 040,86;35,94;1 909,63;3 681,98
09.11.2019;3 005,50;35,92;1 831,76;3 663,52
12.11.2019;3 011,34;34,54;1 816,46;3 534,29
13.11.2019;2 987,00;34,65;1 802,46;3 492,02
14.11.2019;3 020,71;34,54;1 804,03;3 539,94
15.11.2019;3 029,82;34,99;1 806,35;3 573,48
16.11.2019;3 010,41;34,99;1 799,35;3 557,61
19.11.2019;2 989,35;34,58;1 807,87;3 509,16
20.11.2019;3 003,55;34,44;1 835,06;3 528,65
21.11.2019;3 037,48;35,25;1 877,20;3 635,01
22.11.2019;3 015,06;35,13;1 871,97;3 620,78
23.11.2019;3 013,70;35,01;1 866,02;3 625,54
26.11.2019;2 991,94;35,21;1 830,69;3 661,39
27.11.2019;3 000,45;34,73;1 850,51;3 717,50
28.11.2019;3 002,45;34,83;1 853,13;3 710,38
29.11.2019;3 003,83;35,15;1 838,30;3 777,59
30.11.2019;3 000,48;34,91;1 843,94;3 790,90
03.12.2019;3 018,22;35,13;1 853,38;3 812,38
04.12.2019;3 032,19;34,8;1 858,00;3 837,66
05.12.2019;3 046,02;35,11;1 874,03;3 836,81
06.12.2019;3 025,36;35,14;1 823,92;3 816,07
07.12.2019;3 021,37;34,56;1 837,59;3 826,78
10.12.2019;2 998,60;34,71;1 823,42;3 845,57
11.12.2019;2 993,49;33,97;1 843,78;3 842,92
12.12.2019;3 000,21;34,08;1 878,13;3 880,93
13.12.2019;2 997,70;33,87;1 910,79;3 917,11
14.12.2019;2 957,63;33,92;1 886,48;3 959,99
17.12.2019;2 981,48;34,18;1 880,83;3 957,41
18.12.2019;2 972,28;34,22;1 869,74;4 000,83
19.12.2019;2 975,68;34,33;1 871,25;3 895,41
20.12.2019;2 964,03;34,17;1 863,58;3 871,90
21.12.2019;2 963,30;33,99;1 867,99;3 890,47
24.12.2019;2 969,95;34,09;1 845,27;3 764,59
25.12.2019;2 979,80;34,73;1 868,81;3 749,61
26.12.2019;2 958,18;34,89;1 855,25;3 722,41
27.12.2019;2 960,64;34,92;1 856,79;3 725,50
28.12.2019;3 012,68;35,07;1 894,64;3 785,29
31.12.2019;3 008,36;35,48;1 896,77;3 795,53
01.01.2020;3 031,25;35,48;1 932,59;3 821,40
10.01.2020;3 047,28;36,26;1 878,16;4 173,68
11.01.2020;3 050,60;35,28;1 916,48;4 175,67
14.01.2020;3 037,92;35,1;1 896,80;4 148,27
15.01.2020;3 050,51;35,51;1 911,32;4 239,26
16.01.2020;3 065,17;35,1;1 971,16;4 317,59
17.01.2020;3 078,52;35,33;2 044,82;4 683,50
18.01.2020;3 079,29;35,63;2 009,99;4 684,71
21.01.2020;3 081,32;35,69;2 025,56;5 084,65
22.01.2020;3 094,90;35,91;2 000,62;4 904,11
23.01.2020;3 097,53;35,75;1 986,03;4 805,04
24.01.2020;3 095,33;35,39;1 999,75;4 937,64
25.01.2020;3 103,42;34,97;1 994,96;4 894,02
28.01.2020;3 173,57;35,74;1 990,18;4 764,01
29.01.2020;3 190,83;36,96;1 987,71;4 607,68
30.01.2020;3 151,82;36,06;1 989,94;4 661,93
31.01.2020;3 202,92;35,41;1 967,88;4 600,49
01.02.2020;3 209,04;35,98;1 977,17;4 668,88
04.02.2020;3 244,10;36,75;1 956,10;4 686,82
05.02.2020;3 204,39;36,24;1 998,67;4 902,85
06.02.2020;3 152,67;36,01;1 972,19;5 043,21
07.02.2020;3 159,22;35,57;1 970,54;4 873,85
08.02.2020;3 200,38;36,25;1 977,41;4 771,09
11.02.2020;3 227,24;36,43;1 988,77;4 853,01
12.02.2020;3 223,20;36,57;1 984,05;4 788,44
13.02.2020;3 175,81;35,89;1 958,09;4 745,22
14.02.2020;3 220,62;35,91;1 973,27;4 907,61
15.02.2020;3 215,88;35,99;1 982,96;4 979,83
18.02.2020;3 216,56;36,04;1 970,28;5 029,51
19.02.2020;3 256,20;36,49;2 009,24;5 211,72
20.02.2020;3 295,60;36,62;2 084,45;5 704,59
21.02.2020;3 300,14;37,59;2 041,13;5 543,43
22.02.2020;3 377,38;38,01;2 032,17;5 610,70
26.02.2020;3 456,30;39,19;2 018,39;5 585,53
27.02.2020;3 471,31;38,61;1 963,20;5 727,41
28.02.2020;3 473,34;38,13;1 934,32;5 895,77
29.02.2020;3 502,84;38,88;1 895,35;5 907,89
03.03.2020;3 432,64;36,65;1 863,78;5 672,38
04.03.2020;3 415,91;36,13;1 860,64;5 374,71
05.03.2020;3 494,33;35,71;1 863,16;5 175,20
06.03.2020;3 505,62;36,71;1 844,90;5 309,13
07.03.2020;3 662,03;37,34;1 890,71;5 350,87
11.03.2020;3 837,74;39,1;2 033,03;5 691,55
12.03.2020;3 820,22;39,22;2 022,13;5 439,07
13.03.2020;3 895,28;40,51;2 042,07;5 307,48
14.03.2020;3 737,00;38,88;1 884,80;4 647,28
17.03.2020;3 585,90;37,58;1 699,23;4 099,12
18.03.2020;3 497,72;30,8;1 522,76;3 760,58
19.03.2020;3 738,58;30,88;1 618,56;3 942,14
20.03.2020;3 815,92;32,01;1 564,30;4 105,33
21.03.2020;3 774,94;30,12;1 575,77;4 275,64
24.03.2020;3 886,30;32,84;1 607,05;4 314,06
25.03.2020;4 054,83;31,71;1 721,31;4 613,81
26.03.2020;4 054,15;34,08;1 835,80;5 119,74
27.03.2020;4 100,44;35,35;1 847,61;5 714,95
28.03.2020;4 051,63;36,03;1 861,87;5 923,00
07.04.2020;4 020,39;35,76;1 798,20;5 207,89
08.04.2020;4 008,13;36,57;1 807,32;5 312,79
09.04.2020;4 016,12;36,69;1 797,34;5 260,49
10.04.2020;3 987,68;36,4;1 765,37;5 228,96
11.04.2020;3 985,10;35,98;1 742,81;5 135,94
14.04.2020;3 972,83;35,87;1 737,44;5 120,13
15.04.2020;4 044,48;36,56;1 810,28;5 256,40
16.04.2020;4 057,99;36,9;1 848,58;5 282,67
17.04.2020;4 126,35;37,23;1 907,22;5 315,72
18.04.2020;4 025,22;36,04;1 842,45;5 182,64
21.04.2020;4 044,82;36,37;1 874,83;5 197,20
22.04.2020;4 115,41;36,7;1 870,64;5 234,36
23.04.2020;4 217,37;36,93;1 872,57;4 842,42
24.04.2020;4 172,81;36,97;1 850,24;4 710,13
25.04.2020;4 149,17;36,79;1 840,07;4 900,45
28.04.2020;4 112,99;36,42;1 832,25;4 759,06
29.04.2020;4 095,17;36,31;1 834,09;4 586,41
30.04.2020;4 041,80;35,93;1 847,95;4 638,83
01.05.2020;4 014,11;35,86;1 819,12;4 655,36
07.05.2020;4 040,41;35,85;1 795,58;4 221,39
08.05.2020;4 023,90;35,7;1 794,33;4 324,99
09.05.2020;4 047,21;35,58;1 800,29;4 298,85
13.05.2020;4 021,69;36,56;1 810,82;4 403,10
14.05.2020;4 021,35;36,81;1 797,94;4 341,08
15.05.2020;4 079,71;36,91;1 818,33;4 302,18
16.05.2020;4 083,17;38,25;1 821,70;4 295,34
19.05.2020;4 122,31;40,71;1 914,62;4 505,00
20.05.2020;4 038,71;39,85;1 875,92;4 633,95
21.05.2020;4 070,13;40,63;1 976,86;4 809,59
22.05.2020;3 951,23;39,23;1 922,26;4 647,17
23.05.2020;4 003,70;39,29;1 915,82;4 575,79
26.05.2020;3 990,41;39,13;1 922,06;4 408,08
27.05.2020;3 940,32;39,57;1 914,41;4 476,11
28.05.2020;3 895,83;39,27;1 898,62;4 489,52
29.05.2020;3 939,39;39,64;1 911,06;4 434,75
30.05.2020;3 925,38;40,01;1 910,77;4 369,75
02.06.2020;3 888,16;40,7;1 873,70;4 336,86
03.06.2020;3 859,62;40,52;1 876,31;4 333,69
04.06.2020;3 773,95;39,24;1 819,30;4 288,98
05.06.2020;3 786,42;39,39;1 848,33;4 326,83
06.06.2020;3 772,23;38,79;1 842,48;4 247,64
09.06.2020;3 716,12;38,72;1 827,31;4 282,77
10.06.2020;3 770,05;38,93;1 817,13;4 345,22
11.06.2020;3 789,36;39,08;1 850,94;4 246,80
12.06.2020;3 848,83;39,72;1 833,41;4 282,41
16.06.2020;3 871,06;38,67;1 821,92;4 304,70
17.06.2020;3 875,98;39,04;1 861,35;4 408,93
18.06.2020;3 836,28;39,03;1 822,86;4 309,20
19.06.2020;3 878,14;39,43;1 828,67;4 326,57
20.06.2020;3 866,43;39,2;1 800,63;4 247,69
23.06.2020;3 899,24;39,9;1 807,26;4 284,71
24.06.2020;3 887,67;39,42;1 825,87;4 271,43
25.06.2020;3 929,94;39,52;1 828,09;4 293,57
26.06.2020;3 927,51;39,15;1 802,34;4 176,42
27.06.2020;3 916,32;39,63;1 782,47;4 102,79
30.06.2020;3 978,00;40,27;1 826,18;4 216,85
01.07.2020;4 010,17;40,41;1 834,44;4 334,71
02.07.2020;4 047,99;41,26;1 868,41;4 382,27
03.07.2020;4 017,25;40,64;1 863,69;4 319,14
04.07.2020;4 022,46;40,84;1 840,50;4 329,25
07.07.2020;4 069,87;41,87;1 878,51;4 403,83
08.07.2020;4 119,83;41,81;1 907,35;4 462,09
09.07.2020;4 121,14;42,34;1 923,89;4 408,92
10.07.2020;4 130,29;42,92;1 955,25;4 455,14
11.07.2020;4 135,33;42,98;1 928,26;4 456,51
14.07.2020;4 112,58;43,43;1 906,11;4 510,52
15.07.2020;4 112,12;43,21;1 882,04;4 534,73
16.07.2020;4 118,45;44;1 896,13;4 497,90
17.07.2020;4 132,77;44,07;1 893,94;4 525,29
18.07.2020;4 156,86;44,18;1 902,16;4 569,81
21.07.2020;4 188,41;44,98;1 948,10;4 689,78
22.07.2020;4 159,87;46,9;1 943,95;4 750,36
23.07.2020;4 212,67;50,63;1 998,23;4 799,85
24.07.2020;4 294,60;52,16;2 117,24;4 918,94
25.07.2020;4 359,47;51,74;2 110,85;4 914,57
28.07.2020;4 466,19;56,1;2 165,72;5 206,01
29.07.2020;4 466,49;54,44;2 141,16;5 274,28
30.07.2020;4 538,78;56,52;2 194,67;5 271,85
31.07.2020;4 604,62;54,63;2 141,68;4 917,85
01.08.2020;4 661,68;56,82;2 143,52;4 943,31
04.08.2020;4 704,01;57,77;2 160,13;5 018,85
05.08.2020;4 653,01;57,4;2 177,58;4 954,40
06.08.2020;4 793,21;63,48;2 245,29;5 074,88
07.08.2020;4 811,98;65,48;2 294,27;5 213,18
08.08.2020;4 880,61;67,07;2 305,95;5 170,62
11.08.2020;4 815,71;67,05;2 305,51;5 194,50
12.08.2020;4 695,80;66,51;2 239,01;5 127,13
13.08.2020;4 548,31;60,77;2 208,58;5 015,22
14.08.2020;4 569,73;62,12;2 224,52;5 076,16
15.08.2020;4 586,18;62,86;2 224,47;5 060,97
18.08.2020;4 574,27;63,14;2 240,39;5 109,50
19.08.2020;4 733,95;66,87;2 294,79;5 229,38
20.08.2020;4 693,26;64,61;2 241,67;5 163,84
21.08.2020;4 572,94;63,84;2 208,14;5 146,79
22.08.2020;4 604,75;63,97;2 172,72;5 193,56
25.08.2020;4 659,72;64,33;2 215,55;5 191,95
26.08.2020;4 612,67;63,47;2 208,77;5 188,94
27.08.2020;4 659,27;64,1;2 239,17;5 257,91
28.08.2020;4 689,71;65,9;2 256,81;5 282,82
29.08.2020;4 693,40;65,63;2 231,70;5 231,29
01.09.2020;4 644,50;64,9;2 206,75;5 163,32
02.09.2020;4 703,11;68,34;2 247,52;5 377,48
03.09.2020;4 675,61;65,79;2 222,64;5 350,00
04.09.2020;4 692,80;65,27;2 215,26;5 566,05
05.09.2020;4 683,50;64,82;2 187,53;5 518,39
08.09.2020;4 686,60;65,21;2 201,86;5 589,70
09.09.2020;4 690,71;65,15;2 220,06;5 646,63
10.09.2020;4 716,38;64,9;2 228,08;5 517,61
11.09.2020;4 722,48;65,82;2 241,28;5 563,14
12.09.2020;4 681,88;64,71;2 239,21;5 547,47
15.09.2020;4 665,67;64,58;2 258,01;5 582,56
16.09.2020;4 746,61;66,59;2 332,75;5 630,03
17.09.2020;4 733,17;65,96;2 363,21;5 721,33
18.09.2020;4 680,61;64,66;2 299,08;5 717,49
19.09.2020;4 715,50;65,28;2 274,83;5 659,33
22.09.2020;4 720,43;64,44;2 261,33;5 737,66
23.09.2020;4 666,73;59,59;2 172,62;5 559,07
24.09.2020;4 635,01;57,92;2 096,44;5 479,23
25.09.2020;4 592,32;55,14;2 081,83;5 520,96
26.09.2020;4 618,65;55,89;2 116,62;5 522,48
29.09.2020;4 681,68;57,9;2 157,53;5 632,84
30.09.2020;4 822,55;61,06;2 239,11;5 802,74
01.10.2020;4 770,62;60,1;2 208,76;5 848,66
02.10.2020;4 709,54;58,68;2 233,59;5 769,07
03.10.2020;4 786,39;59,92;2 244,56;5 802,22
06.10.2020;4 771,68;60,07;2 212,96;5 814,99
07.10.2020;4 827,56;61,34;2 244,03;5 926,86
08.10.2020;4 740,23;59,08;2 169,26;5 925,29
09.10.2020;4 737,92;60,02;2 169,37;5 931,95
10.10.2020;4 736,09;60,22;2 176,86;5 968,41
13.10.2020;4 754,14;62,06;2 199,02;6 067,12
14.10.2020;4 772,77;61,96;2 164,25;6 003,24
15.10.2020;4 711,68;60,06;2 176,40;5 875,79
16.10.2020;4 740,64;59,98;2 142,65;5 881,64
17.10.2020;4 783,12;61,06;2 163,21;5 883,02
20.10.2020;4 785,15;62,23;2 184,64;5 874,97
21.10.2020;4 767,05;61,59;2 138,03;5 876,45
22.10.2020;4 752,55;61,97;2 169,54;5 943,94
23.10.2020;4 750,35;61,74;2 210,56;5 957,61
24.10.2020;4 697,13;60,87;2 192,95;5 853,59
27.10.2020;4 673,64;60,85;2 189,85;5 807,64
28.10.2020;4 667,69;59,68;2 145,92;5 813,41
29.10.2020;4 729,52;60,93;2 179,19;5 812,01
30.10.2020;4 759,17;60,67;2 195,94;5 662,27
31.10.2020;4 784,40;58,7;2 183,31;5 677,62
03.11.2020;4 887,70;61,2;2 222,68;5 787,27
04.11.2020;4 886,56;61,67;2 242,85;5 789,75
06.11.2020;4 834,96;60,47;2 239,90;5 902,45
07.11.2020;4 834,10;60,97;2 235,95;5 933,59
10.11.2020;4 842,82;63,78;2 236,54;6 044,10
11.11.2020;4 605,21;61,66;2 149,21;6 098,86
12.11.2020;4 596,93;59,28;2 173,26;6 039,56
13.11.2020;4 631,33;60,02;2 164,43;5 838,74
14.11.2020;4 669,38;60,2;2 212,62;5 842,32
17.11.2020;4 680,45;59,96;2 243,03;5 799,24
18.11.2020;4 622,23;59,49;2 270,17;5 712,20
19.11.2020;4 582,44;60,12;2 279,99;5 712,18
20.11.2020;4 554,16;59,62;2 304,79;5 678,60
21.11.2020;4 562,65;58,6;2 324,09;5 706,37
24.11.2020;4 539,73;58,86;2 313,95;5 687,45
25.11.2020;4 431,61;58,27;2 283,93;5 689,11
26.11.2020;4 388,45;56,19;2 339,15;5 670,73
27.11.2020;4 402,52;56,79;2 336,07;5 732,24
28.11.2020;4 409,74;56,97;2 336,51;5 829,09
01.12.2020;4 341,07;56,68;2 359,24;5 889,52
02.12.2020;4 407,43;54,35;2 409,59;5 889,01
03.12.2020;4 456,05;57,22;2 440,80;5 878,35
04.12.2020;4 436,04;57,98;2 470,91;5 821,87
05.12.2020;4 390,93;57,7;2 501,87;5 591,02
08.12.2020;4 375,28;57,83;2 454,05;5 557,43
09.12.2020;4 415,66;56,25;2 420,38;5 480,20
10.12.2020;4 383,23;57,68;2 418,11;5 439,57
11.12.2020;4 346,88;57,08;2 393,61;5 422,35
12.12.2020;4 310,63;56,15;2 402,56;5 470,42
15.12.2020;4 267,87;55,84;2 382,18;5 448,99
16.12.2020;4 354,98;56,33;2 413,27;5 490,07
17.12.2020;4 393,73;57,16;2 473,81;5 507,07
18.12.2020;4 392,15;58,96;2 463,61;5 527,88
19.12.2020;4 428,96;60,67;2 446,72;5 503,94
22.12.2020;4 487,62;61,98;2 439,17;5 567,37
23.12.2020;4 538,16;63,36;2 432,24;5 603,36
24.12.2020;4 529,59;62,52;2 459,96;5 667,14
25.12.2020;4 505,61;60,91;2 456,66;5 601,48
26.12.2020;4 436,55;61,08;2 419,01;5 515,62
29.12.2020;4 438,08;61,1;2 419,84;5 517,53
30.12.2020;4 437,61;61,05;2 465,21;5 612,44
31.12.2020;4 459,48;62,11;2 522,42;5 562,62
01.01.2021;4 491,66;62,48;2 553,29;5 629,12
