"Дата","Цена","Откр.","Макс.","Мин.","Объём","Изм. %"
"30.12.2020","1.387,46","1.393,96","1.403,88","1.382,88","-","-0,79%"
"29.12.2020","1.398,48","1.396,52","1.405,90","1.395,08","-","0,52%"
"28.12.2020","1.391,31","1.379,64","1.396,97","1.379,64","-","0,94%"
"25.12.2020","1.378,36","1.379,84","1.384,06","1.376,62","-","0,00%"
"24.12.2020","1.378,33","1.365,31","1.378,33","1.358,22","-","0,85%"
"23.12.2020","1.366,76","1.338,20","1.367,27","1.335,76","-","1,13%"
"22.12.2020","1.351,43","1.339,03","1.359,91","1.327,89","-","1,16%"
"21.12.2020","1.335,93","1.394,52","1.394,52","1.326,65","-","-4,75%"
"18.12.2020","1.402,50","1.418,81","1.419,41","1.386,34","-","-1,18%"
"17.12.2020","1.419,22","1.407,69","1.434,65","1.407,69","-","1,37%"
"16.12.2020","1.400,05","1.399,42","1.407,86","1.388,15","-","0,69%"
"15.12.2020","1.390,46","1.387,15","1.409,26","1.382,95","-","-0,55%"
"14.12.2020","1.398,12","1.421,88","1.432,73","1.397,49","-","-1,04%"
"11.12.2020","1.412,88","1.404,78","1.413,56","1.395,77","-","0,58%"
"10.12.2020","1.404,68","1.362,07","1.404,68","1.360,06","-","2,35%"
"09.12.2020","1.372,47","1.364,46","1.382,75","1.364,46","-","0,57%"
"08.12.2020","1.364,66","1.362,32","1.375,75","1.354,75","-","-0,31%"
"07.12.2020","1.368,86","1.352,22","1.368,86","1.341,40","-","0,85%"
"04.12.2020","1.357,39","1.342,06","1.358,63","1.342,06","-","1,34%"
"03.12.2020","1.339,41","1.336,84","1.339,41","1.321,42","-","0,30%"
"02.12.2020","1.335,44","1.308,61","1.335,44","1.305,87","-","1,86%"
"01.12.2020","1.311,05","1.283,56","1.312,69","1.283,56","-","2,27%"
"30.11.2020","1.281,97","1.300,14","1.300,14","1.281,00","-","-1,57%"
"27.11.2020","1.302,43","1.303,47","1.306,01","1.291,17","-","-0,36%"
"26.11.2020","1.307,14","1.310,04","1.316,57","1.298,60","-","0,41%"
"25.11.2020","1.301,83","1.298,86","1.309,54","1.287,36","-","1,14%"
"24.11.2020","1.287,12","1.270,34","1.288,71","1.265,88","-","2,41%"
"23.11.2020","1.256,81","1.267,92","1.287,36","1.255,80","-","-0,47%"
"20.11.2020","1.262,69","1.263,65","1.269,02","1.256,21","-","0,30%"
"19.11.2020","1.258,91","1.270,45","1.270,45","1.251,53","-","-1,40%"
"18.11.2020","1.276,75","1.258,77","1.282,07","1.253,23","-","1,45%"
"17.11.2020","1.258,46","1.274,26","1.276,81","1.246,71","-","-0,80%"
"16.11.2020","1.268,61","1.243,10","1.268,61","1.243,10","-","3,33%"
"13.11.2020","1.227,78","1.224,72","1.233,84","1.218,52","-","-0,86%"
"12.11.2020","1.238,45","1.224,64","1.239,78","1.219,15","-","0,38%"
"11.11.2020","1.233,81","1.236,14","1.254,16","1.231,47","-","0,08%"
"10.11.2020","1.232,87","1.224,45","1.240,78","1.212,61","-","-0,28%"
"09.11.2020","1.236,30","1.187,84","1.242,24","1.187,32","-","4,92%"
"06.11.2020","1.178,28","1.163,85","1.178,28","1.151,74","-","0,64%"
"05.11.2020","1.170,74","1.121,24","1.172,14","1.121,24","-","5,65%"
"03.11.2020","1.108,15","1.077,20","1.109,71","1.077,20","-","3,63%"
"02.11.2020","1.069,33","1.062,09","1.075,12","1.039,51","-","0,26%"
"30.10.2020","1.066,60","1.078,02","1.078,37","1.056,02","-","-1,15%"
"29.10.2020","1.078,96","1.075,40","1.091,43","1.062,70","-","0,06%"
"28.10.2020","1.078,29","1.124,23","1.124,23","1.070,68","-","-4,69%"
"27.10.2020","1.131,36","1.146,56","1.151,66","1.126,60","-","-1,82%"
"26.10.2020","1.152,33","1.163,89","1.165,58","1.151,45","-","-1,01%"
"23.10.2020","1.164,06","1.154,25","1.166,51","1.149,13","-","0,76%"
"22.10.2020","1.155,24","1.143,17","1.155,39","1.137,14","-","1,03%"
"21.10.2020","1.143,42","1.145,30","1.151,94","1.136,76","-","0,24%"
"20.10.2020","1.140,69","1.130,26","1.143,82","1.123,08","-","0,49%"
"19.10.2020","1.135,12","1.131,43","1.137,07","1.128,80","-","0,20%"
"16.10.2020","1.132,80","1.137,25","1.138,87","1.121,29","-","0,05%"
"15.10.2020","1.132,29","1.156,18","1.156,44","1.128,06","-","-2,41%"
"14.10.2020","1.160,30","1.157,02","1.164,67","1.151,51","-","0,36%"
"13.10.2020","1.156,11","1.162,18","1.169,80","1.151,18","-","-0,58%"
"12.10.2020","1.162,91","1.163,09","1.169,93","1.155,85","-","-0,12%"
"09.10.2020","1.164,34","1.157,38","1.165,69","1.147,95","-","0,48%"
"08.10.2020","1.158,82","1.150,83","1.158,82","1.148,00","-","1,30%"
"07.10.2020","1.143,95","1.157,93","1.164,69","1.140,53","-","-2,11%"
"06.10.2020","1.168,56","1.163,75","1.176,58","1.157,41","-","0,92%"
"05.10.2020","1.157,86","1.152,56","1.160,54","1.144,04","-","0,85%"
"02.10.2020","1.148,07","1.157,17","1.157,17","1.134,01","-","-2,25%"
"01.10.2020","1.174,49","1.181,29","1.191,19","1.170,72","-","-0,34%"
"30.09.2020","1.178,51","1.158,75","1.182,96","1.152,94","-","1,98%"
"29.09.2020","1.155,67","1.169,84","1.172,76","1.138,95","-","-0,96%"
"28.09.2020","1.166,86","1.171,87","1.178,65","1.163,08","-","0,19%"
"25.09.2020","1.164,68","1.189,40","1.193,58","1.160,28","-","-2,04%"
"24.09.2020","1.188,98","1.187,48","1.192,67","1.172,94","-","-0,57%"
"23.09.2020","1.195,77","1.214,29","1.225,06","1.195,77","-","0,23%"
"22.09.2020","1.193,06","1.189,37","1.209,03","1.182,04","-","1,00%"
"21.09.2020","1.181,24","1.225,32","1.225,99","1.176,63","-","-3,86%"
"18.09.2020","1.228,64","1.246,67","1.250,13","1.226,48","-","-1,18%"
"17.09.2020","1.243,29","1.238,42","1.246,02","1.232,82","-","-0,68%"
"16.09.2020","1.251,86","1.252,38","1.257,92","1.243,60","-","-0,15%"
"15.09.2020","1.253,68","1.229,16","1.253,68","1.227,94","-","2,05%"
"14.09.2020","1.228,48","1.224,14","1.239,42","1.218,41","-","0,44%"
"11.09.2020","1.223,05","1.210,12","1.225,59","1.207,27","-","0,53%"
"10.09.2020","1.216,59","1.207,98","1.220,27","1.191,89","-","1,27%"
"09.09.2020","1.201,34","1.189,69","1.206,04","1.187,98","-","1,00%"
"08.09.2020","1.189,47","1.221,35","1.225,16","1.183,78","-","-2,38%"
"07.09.2020","1.218,52","1.223,75","1.230,02","1.210,21","-","-0,12%"
"04.09.2020","1.220,01","1.222,21","1.236,65","1.214,72","-","-0,26%"
"03.09.2020","1.223,21","1.234,42","1.241,28","1.216,93","-","-0,94%"
"02.09.2020","1.234,82","1.280,08","1.283,69","1.229,50","-","-3,11%"
"01.09.2020","1.274,50","1.265,70","1.282,24","1.264,85","-","1,26%"
"31.08.2020","1.258,60","1.274,05","1.286,07","1.255,34","-","-0,55%"
"28.08.2020","1.265,62","1.267,38","1.271,32","1.254,83","-","0,06%"
"27.08.2020","1.264,86","1.274,80","1.279,20","1.258,69","-","-0,66%"
"26.08.2020","1.273,24","1.271,77","1.273,24","1.256,72","-","0,48%"
"25.08.2020","1.267,16","1.284,12","1.289,33","1.265,85","-","-1,12%"
"24.08.2020","1.281,52","1.265,93","1.288,15","1.265,93","-","1,55%"
"21.08.2020","1.262,01","1.286,60","1.291,23","1.252,91","-","-0,85%"
"20.08.2020","1.272,81","1.308,75","1.308,75","1.272,81","-","-3,31%"
"19.08.2020","1.316,32","1.312,48","1.322,48","1.308,09","-","0,37%"
"18.08.2020","1.311,52","1.306,53","1.322,99","1.303,30","-","0,21%"
"17.08.2020","1.308,71","1.327,78","1.336,58","1.301,03","-","-1,14%"
"14.08.2020","1.323,80","1.328,20","1.328,20","1.306,00","-","-0,18%"
"13.08.2020","1.326,13","1.306,74","1.326,13","1.304,59","-","1,45%"
"12.08.2020","1.307,12","1.288,04","1.307,12","1.283,60","-","0,86%"
"11.08.2020","1.296,01","1.268,93","1.301,19","1.268,93","-","2,21%"
"10.08.2020","1.267,96","1.271,97","1.280,41","1.267,96","-","-0,27%"
"07.08.2020","1.271,43","1.286,37","1.286,37","1.266,85","-","-0,86%"
"06.08.2020","1.282,44","1.296,20","1.299,76","1.278,22","-","-0,99%"
"05.08.2020","1.295,27","1.265,72","1.297,97","1.265,14","-","2,79%"
"04.08.2020","1.260,16","1.264,53","1.269,81","1.246,82","-","0,22%"
"03.08.2020","1.257,42","1.235,20","1.260,47","1.234,97","-","1,86%"
"31.07.2020","1.234,44","1.250,02","1.251,57","1.232,99","-","0,17%"
"30.07.2020","1.232,35","1.265,60","1.266,81","1.226,86","-","-2,66%"
"29.07.2020","1.266,01","1.255,89","1.270,42","1.254,15","-","0,66%"
"28.07.2020","1.257,69","1.272,73","1.277,82","1.249,72","-","-0,67%"
"27.07.2020","1.266,16","1.260,32","1.276,49","1.260,32","-","0,81%"
"24.07.2020","1.255,98","1.249,86","1.258,36","1.243,54","-","-0,45%"
"23.07.2020","1.261,62","1.262,61","1.274,56","1.254,06","-","0,52%"
"22.07.2020","1.255,10","1.257,73","1.266,16","1.250,31","-","-0,37%"
"21.07.2020","1.259,72","1.242,99","1.266,48","1.242,99","-","1,93%"
"20.07.2020","1.235,85","1.214,76","1.235,85","1.205,79","-","1,62%"
"17.07.2020","1.216,17","1.213,16","1.218,32","1.209,24","-","-0,31%"
"16.07.2020","1.219,93","1.216,67","1.222,16","1.208,29","-","0,05%"
"15.07.2020","1.219,26","1.212,88","1.228,41","1.210,14","-","0,20%"
"14.07.2020","1.216,79","1.221,19","1.221,24","1.197,20","-","-1,43%"
"13.07.2020","1.234,50","1.249,86","1.257,73","1.232,99","-","-0,90%"
"10.07.2020","1.245,65","1.229,46","1.245,65","1.221,96","-","0,91%"
"09.07.2020","1.234,42","1.242,94","1.252,25","1.230,07","-","-0,89%"
"08.07.2020","1.245,54","1.240,60","1.250,44","1.238,71","-","-0,18%"
"07.07.2020","1.247,83","1.240,89","1.251,90","1.229,91","-","0,06%"
"06.07.2020","1.247,14","1.246,84","1.266,28","1.241,71","-","0,97%"
"03.07.2020","1.235,18","1.245,05","1.252,64","1.229,44","-","-1,05%"
"02.07.2020","1.248,28","1.222,73","1.250,57","1.220,84","-","2,94%"
"30.06.2020","1.212,63","1.246,93","1.250,32","1.212,63","-","-2,19%"
"29.06.2020","1.239,81","1.241,00","1.249,45","1.230,11","-","-0,56%"
"26.06.2020","1.246,74","1.268,89","1.270,36","1.236,91","-","-0,83%"
"25.06.2020","1.257,18","1.258,02","1.262,33","1.242,32","-","-1,87%"
"23.06.2020","1.281,18","1.264,34","1.282,95","1.263,77","-","1,94%"
"22.06.2020","1.256,77","1.249,47","1.258,50","1.235,16","-","0,57%"
"19.06.2020","1.249,67","1.234,88","1.259,86","1.234,88","-","1,54%"
"18.06.2020","1.230,71","1.235,27","1.242,95","1.221,20","-","-0,58%"
"17.06.2020","1.237,93","1.247,75","1.257,91","1.233,65","-","-0,39%"
"16.06.2020","1.242,72","1.243,48","1.264,12","1.236,12","-","1,73%"
"15.06.2020","1.221,60","1.214,13","1.223,09","1.196,47","-","-1,33%"
"11.06.2020","1.238,11","1.267,99","1.267,99","1.237,02","-","-3,09%"
"10.06.2020","1.277,58","1.284,27","1.288,07","1.266,02","-","-0,52%"
"09.06.2020","1.284,31","1.295,42","1.299,59","1.263,75","-","-0,34%"
"08.06.2020","1.288,71","1.287,32","1.306,27","1.278,75","-","0,23%"
"05.06.2020","1.285,78","1.266,42","1.291,00","1.265,26","-","2,26%"
"04.06.2020","1.257,31","1.295,23","1.296,34","1.252,14","-","-3,42%"
"03.06.2020","1.301,88","1.290,27","1.301,88","1.277,15","-","1,88%"
"02.06.2020","1.277,85","1.258,10","1.283,85","1.255,75","-","2,42%"
"01.06.2020","1.247,61","1.240,08","1.253,91","1.233,73","-","2,28%"
"29.05.2020","1.219,76","1.236,36","1.236,36","1.210,07","-","-1,77%"
"28.05.2020","1.241,77","1.219,22","1.241,77","1.211,85","-","2,44%"
"27.05.2020","1.212,20","1.222,91","1.234,83","1.197,78","-","-1,04%"
"26.05.2020","1.224,99","1.220,59","1.243,96","1.220,45","-","0,95%"
"25.05.2020","1.213,41","1.195,96","1.213,41","1.195,96","-","2,10%"
"22.05.2020","1.188,47","1.194,86","1.198,26","1.174,86","-","-1,48%"
"21.05.2020","1.206,28","1.226,09","1.243,27","1.196,21","-","-1,57%"
"20.05.2020","1.225,47","1.176,02","1.225,47","1.173,70","-","4,10%"
"19.05.2020","1.177,24","1.171,43","1.183,77","1.168,04","-","0,80%"
"18.05.2020","1.167,88","1.122,71","1.167,95","1.122,71","-","5,45%"
"15.05.2020","1.107,49","1.121,47","1.134,34","1.107,49","-","0,41%"
"14.05.2020","1.102,98","1.106,25","1.113,94","1.086,36","-","-0,67%"
"13.05.2020","1.110,37","1.124,29","1.132,75","1.110,37","-","-2,37%"
"12.05.2020","1.137,28","1.130,71","1.143,65","1.123,16","-","0,08%"
"08.05.2020","1.136,34","1.125,66","1.140,01","1.116,25","-","0,88%"
"07.05.2020","1.126,48","1.112,34","1.138,22","1.111,73","-","1,35%"
"06.05.2020","1.111,43","1.135,74","1.139,51","1.106,06","-","-1,92%"
"05.05.2020","1.133,16","1.117,00","1.135,40","1.115,99","-","3,07%"
"04.05.2020","1.099,42","1.111,28","1.111,28","1.080,63","-","-2,28%"
"30.04.2020","1.125,03","1.157,93","1.169,88","1.121,78","-","-1,71%"
"29.04.2020","1.144,64","1.117,72","1.147,97","1.113,89","-","3,16%"
"28.04.2020","1.109,60","1.085,86","1.125,88","1.081,09","-","2,39%"
"27.04.2020","1.083,68","1.086,06","1.099,38","1.081,49","-","0,22%"
"24.04.2020","1.081,32","1.090,46","1.103,77","1.074,06","-","-1,67%"
"23.04.2020","1.099,67","1.079,15","1.110,40","1.071,34","-","3,16%"
"22.04.2020","1.066,01","1.011,38","1.071,80","1.006,96","-","5,32%"
"21.04.2020","1.012,15","1.037,69","1.037,89","991,49","-","-5,26%"
"20.04.2020","1.068,32","1.075,22","1.079,75","1.055,71","-","-0,96%"
"17.04.2020","1.078,69","1.083,27","1.092,54","1.068,93","-","1,10%"
"16.04.2020","1.066,91","1.057,13","1.087,80","1.036,95","-","1,91%"
"15.04.2020","1.046,88","1.129,49","1.129,49","1.045,13","-","-7,62%"
"14.04.2020","1.133,23","1.133,95","1.151,65","1.127,19","-","0,73%"
"13.04.2020","1.124,97","1.142,90","1.148,58","1.118,87","-","-1,50%"
"10.04.2020","1.142,07","1.136,22","1.148,60","1.127,84","-","-1,16%"
"09.04.2020","1.155,49","1.132,27","1.170,27","1.119,82","-","3,67%"
"08.04.2020","1.114,60","1.091,53","1.114,60","1.083,50","-","1,35%"
"07.04.2020","1.099,76","1.097,82","1.122,88","1.087,08","-","1,51%"
"06.04.2020","1.083,43","1.069,66","1.090,81","1.059,31","-","3,20%"
"03.04.2020","1.049,88","1.038,92","1.070,42","1.030,64","-","1,53%"
"02.04.2020","1.034,06","1.011,80","1.038,20","983,63","-","4,69%"
"01.04.2020","987,75","990,15","995,18","977,48","-","-2,63%"
"31.03.2020","1.014,44","979,27","1.014,51","979,27","-","5,83%"
"30.03.2020","958,54","950,20","962,60","926,80","-","0,33%"
"27.03.2020","955,34","1.013,15","1.015,89","945,28","-","-6,07%"
"26.03.2020","1.017,03","986,43","1.022,02","959,31","-","3,60%"
"25.03.2020","981,69","989,49","1.027,62","943,02","-","1,70%"
"24.03.2020","965,32","929,89","978,23","929,89","-","9,23%"
"23.03.2020","883,78","889,95","916,92","860,74","-","-4,38%"
"20.03.2020","924,22","926,19","980,21","913,69","-","2,39%"
"19.03.2020","902,63","831,46","908,75","808,79","-","8,46%"
"18.03.2020","832,26","915,71","915,74","827,52","-","-10,96%"
"17.03.2020","934,66","955,12","985,24","909,92","-","-3,34%"
"16.03.2020","966,93","996,53","998,33","910,66","-","-2,50%"
"13.03.2020","991,69","958,29","1.055,49","957,19","-","2,62%"
"12.03.2020","966,40","1.042,20","1.042,20","953,64","-","-11,03%"
"11.03.2020","1.086,18","1.117,85","1.130,62","1.076,54","-","-0,73%"
"10.03.2020","1.094,18","1.149,81","1.182,08","1.055,31","-","-13,02%"
"06.03.2020","1.257,96","1.291,47","1.300,61","1.238,53","-","-4,97%"
"05.03.2020","1.323,82","1.356,00","1.363,73","1.319,15","-","-1,81%"
"04.03.2020","1.348,19","1.336,30","1.364,55","1.326,90","-","-0,72%"
"03.03.2020","1.358,03","1.336,10","1.360,28","1.320,51","-","4,19%"
"02.03.2020","1.303,47","1.332,74","1.368,63","1.275,17","-","0,29%"
"28.02.2020","1.299,69","1.359,93","1.362,43","1.279,74","-","-6,24%"
"27.02.2020","1.386,20","1.438,28","1.444,05","1.381,02","-","-5,13%"
"26.02.2020","1.461,22","1.442,87","1.464,34","1.419,26","-","1,04%"
"25.02.2020","1.446,11","1.504,06","1.506,85","1.445,76","-","-5,16%"
"21.02.2020","1.524,71","1.525,88","1.531,62","1.515,45","-","-0,72%"
"20.02.2020","1.535,81","1.546,35","1.552,04","1.535,81","-","-0,41%"
"19.02.2020","1.542,08","1.525,01","1.544,62","1.525,01","-","1,75%"
"18.02.2020","1.515,54","1.540,60","1.540,95","1.510,82","-","-1,80%"
"17.02.2020","1.543,25","1.535,16","1.546,87","1.535,16","-","0,54%"
"14.02.2020","1.534,89","1.541,28","1.550,12","1.528,22","-","-0,56%"
"13.02.2020","1.543,50","1.553,32","1.554,20","1.530,79","-","-0,90%"
"12.02.2020","1.557,44","1.542,81","1.557,93","1.541,14","-","1,16%"
"11.02.2020","1.539,56","1.509,16","1.548,27","1.509,16","-","2,37%"
"10.02.2020","1.503,95","1.517,68","1.530,04","1.495,20","-","-0,94%"
"07.02.2020","1.518,23","1.542,11","1.547,97","1.506,25","-","-1,38%"
"06.02.2020","1.539,42","1.569,33","1.579,09","1.533,83","-","-1,35%"
"05.02.2020","1.560,48","1.550,18","1.579,60","1.538,23","-","0,86%"
"04.02.2020","1.547,19","1.523,91","1.550,22","1.523,84","-","1,71%"
"03.02.2020","1.521,16","1.509,20","1.530,86","1.507,30","-","0,27%"
"31.01.2020","1.517,07","1.559,98","1.568,82","1.517,07","-","-1,78%"
"30.01.2020","1.544,55","1.565,60","1.565,78","1.544,55","-","-1,66%"
"29.01.2020","1.570,65","1.581,07","1.584,26","1.563,89","-","-0,10%"
"28.01.2020","1.572,23","1.549,47","1.572,73","1.531,60","-","1,97%"
"27.01.2020","1.541,90","1.584,97","1.584,97","1.541,90","-","-3,62%"
"24.01.2020","1.599,82","1.601,66","1.614,68","1.597,16","-","0,23%"
"23.01.2020","1.596,11","1.611,12","1.614,98","1.593,81","-","-1,04%"
"22.01.2020","1.612,87","1.635,64","1.643,19","1.612,87","-","-1,31%"
"21.01.2020","1.634,32","1.644,18","1.644,18","1.622,58","-","-0,75%"
"20.01.2020","1.646,60","1.640,50","1.651,82","1.640,39","-","0,54%"
"17.01.2020","1.637,75","1.615,15","1.641,82","1.614,90","-","1,55%"
"16.01.2020","1.612,72","1.608,93","1.618,10","1.608,64","-","0,65%"
"15.01.2020","1.602,29","1.604,03","1.615,64","1.588,73","-","-0,17%"
"14.01.2020","1.604,96","1.622,41","1.625,61","1.602,03","-","-0,91%"
"13.01.2020","1.619,73","1.612,38","1.620,17","1.608,53","-","0,31%"
"10.01.2020","1.614,69","1.602,40","1.614,69","1.594,01","-","0,81%"
"09.01.2020","1.601,74","1.597,24","1.607,28","1.590,77","-","0,80%"
"08.01.2020","1.589,08","1.567,72","1.590,21","1.563,18","-","1,32%"
"06.01.2020","1.568,35","1.560,36","1.568,35","1.549,52","-","0,27%"
"03.01.2020","1.564,18","1.554,72","1.567,86","1.553,80","-","0,99%"
"30.12.2019","1.548,92","1.549,59","1.558,24","1.545,30","-","-0,03%"
"27.12.2019","1.549,40","1.533,81","1.552,73","1.533,81","-","0,95%"
"26.12.2019","1.534,85","1.541,05","1.546,50","1.533,76","-","-0,60%"
"25.12.2019","1.544,12","1.541,59","1.549,88","1.541,31","-","0,24%"
"24.12.2019","1.540,46","1.535,88","1.541,87","1.534,78","-","0,36%"
"23.12.2019","1.535,00","1.522,85","1.535,00","1.522,04","-","0,74%"
"20.12.2019","1.523,77","1.522,10","1.530,86","1.519,02","-","0,28%"
"19.12.2019","1.519,49","1.514,40","1.526,48","1.511,06","-","-0,20%"
"18.12.2019","1.522,51","1.520,18","1.524,62","1.511,66","-","0,13%"
"17.12.2019","1.520,60","1.519,79","1.521,77","1.512,80","-","0,23%"
"16.12.2019","1.517,16","1.504,04","1.520,70","1.502,79","-","1,05%"
"13.12.2019","1.501,42","1.499,36","1.515,14","1.496,94","-","0,30%"
"12.12.2019","1.496,96","1.476,90","1.502,81","1.476,33","-","2,31%"
"11.12.2019","1.463,15","1.454,75","1.466,70","1.453,58","-","0,61%"
"10.12.2019","1.454,23","1.458,08","1.460,92","1.446,14","-","-0,18%"
"09.12.2019","1.456,79","1.448,82","1.458,90","1.445,55","-","0,58%"
"06.12.2019","1.448,34","1.433,89","1.448,65","1.431,47","-","1,25%"
"05.12.2019","1.430,39","1.430,44","1.434,16","1.421,35","-","0,03%"
"04.12.2019","1.430,03","1.417,91","1.433,56","1.410,61","-","1,13%"
"03.12.2019","1.414,06","1.432,13","1.435,81","1.414,06","-","-1,31%"
"02.12.2019","1.432,81","1.438,81","1.448,98","1.432,24","-","-0,39%"
"29.11.2019","1.438,45","1.438,47","1.441,02","1.428,03","-","-0,05%"
"28.11.2019","1.439,18","1.441,25","1.442,47","1.431,35","-","-0,13%"
"27.11.2019","1.441,08","1.444,41","1.450,34","1.437,92","-","0,01%"
"26.11.2019","1.440,95","1.455,84","1.458,88","1.437,89","-","-0,94%"
"25.11.2019","1.454,63","1.456,72","1.462,51","1.450,92","-","-0,05%"
"22.11.2019","1.455,42","1.453,42","1.468,40","1.451,50","-","0,05%"
"21.11.2019","1.454,74","1.449,80","1.456,62","1.445,01","-","0,44%"
"20.11.2019","1.448,40","1.449,08","1.452,40","1.433,00","-","-0,22%"
"19.11.2019","1.451,64","1.445,16","1.456,01","1.441,99","-","0,60%"
"18.11.2019","1.443,02","1.456,17","1.461,20","1.436,74","-","-0,44%"
"15.11.2019","1.449,42","1.440,29","1.450,84","1.435,54","-","0,87%"
"14.11.2019","1.436,98","1.438,67","1.448,54","1.425,44","-","-0,06%"
"13.11.2019","1.437,85","1.443,19","1.443,19","1.430,91","-","-0,79%"
"12.11.2019","1.449,35","1.461,37","1.471,19","1.447,83","-","-0,79%"
"11.11.2019","1.460,84","1.464,32","1.466,12","1.455,79","-","-0,50%"
"08.11.2019","1.468,17","1.486,56","1.486,56","1.457,39","-","-1,27%"
"07.11.2019","1.487,03","1.468,60","1.487,82","1.463,29","-","1,06%"
"06.11.2019","1.471,38","1.463,46","1.471,38","1.453,03","-","0,74%"
"05.11.2019","1.460,50","1.463,31","1.473,74","1.454,98","-","0,35%"
"01.11.2019","1.455,44","1.422,26","1.455,44","1.419,91","-","2,29%"
"31.10.2019","1.422,92","1.439,21","1.451,26","1.417,49","-","-0,63%"
"30.10.2019","1.431,90","1.419,81","1.437,01","1.416,43","-","0,55%"
"29.10.2019","1.424,05","1.412,45","1.424,05","1.405,00","-","0,86%"
"28.10.2019","1.411,92","1.420,31","1.432,26","1.408,97","-","-0,65%"
"25.10.2019","1.421,20","1.414,15","1.423,14","1.402,56","-","0,54%"
"24.10.2019","1.413,63","1.390,68","1.413,63","1.390,54","-","1,52%"
"23.10.2019","1.392,47","1.382,83","1.392,47","1.377,96","-","0,35%"
"22.10.2019","1.387,68","1.367,67","1.387,68","1.366,73","-","1,65%"
"21.10.2019","1.365,14","1.363,43","1.369,06","1.358,17","-","0,73%"
"18.10.2019","1.355,27","1.350,05","1.358,63","1.349,15","-","0,13%"
"17.10.2019","1.353,49","1.349,24","1.356,29","1.346,76","-","0,45%"
"16.10.2019","1.347,43","1.330,57","1.348,18","1.329,73","-","1,23%"
"15.10.2019","1.331,03","1.321,24","1.331,78","1.318,35","-","0,75%"
"14.10.2019","1.321,13","1.329,57","1.332,28","1.319,31","-","-0,64%"
"11.10.2019","1.329,63","1.330,97","1.341,70","1.328,41","-","-0,10%"
"10.10.2019","1.330,92","1.315,34","1.330,92","1.310,39","-","1,02%"
"09.10.2019","1.317,48","1.306,81","1.321,83","1.306,26","-","0,85%"
"08.10.2019","1.306,39","1.319,14","1.324,76","1.303,64","-","-1,05%"
"07.10.2019","1.320,25","1.313,90","1.322,26","1.305,05","-","0,66%"
"04.10.2019","1.311,65","1.309,73","1.319,88","1.309,15","-","0,36%"
"03.10.2019","1.307,01","1.313,97","1.317,66","1.300,45","-","-0,51%"
"02.10.2019","1.313,75","1.330,69","1.331,50","1.311,03","-","-1,17%"
"01.10.2019","1.329,37","1.335,64","1.346,70","1.328,84","-","-0,34%"
"30.09.2019","1.333,91","1.344,13","1.348,02","1.331,95","-","-1,02%"
"27.09.2019","1.347,72","1.360,21","1.360,58","1.347,69","-","-0,87%"
"26.09.2019","1.359,59","1.353,18","1.363,20","1.350,05","-","0,41%"
"25.09.2019","1.354,01","1.353,39","1.354,01","1.340,19","-","-0,35%"
"24.09.2019","1.358,80","1.374,41","1.379,42","1.355,88","-","-1,07%"
"23.09.2019","1.373,49","1.374,36","1.375,32","1.363,69","-","-0,28%"
"20.09.2019","1.377,38","1.376,21","1.379,41","1.368,43","-","-0,05%"
"19.09.2019","1.378,06","1.382,32","1.386,99","1.373,15","-","-0,30%"
"18.09.2019","1.382,16","1.379,67","1.382,47","1.375,20","-","0,05%"
"17.09.2019","1.381,50","1.393,30","1.399,36","1.374,40","-","-1,05%"
"16.09.2019","1.396,09","1.376,21","1.396,25","1.375,57","-","1,98%"
"13.09.2019","1.368,93","1.360,97","1.370,77","1.359,46","-","0,58%"
"12.09.2019","1.361,05","1.354,56","1.364,76","1.349,59","-","0,47%"
"11.09.2019","1.354,68","1.342,55","1.358,67","1.339,11","-","0,80%"
"10.09.2019","1.343,95","1.338,65","1.343,95","1.330,38","-","0,28%"
"09.09.2019","1.340,14","1.343,16","1.349,90","1.336,73","-","-0,03%"
"06.09.2019","1.340,52","1.334,57","1.342,50","1.328,02","-","0,19%"
"05.09.2019","1.337,92","1.332,36","1.344,75","1.332,36","-","0,54%"
"04.09.2019","1.330,77","1.315,10","1.332,73","1.315,10","-","2,09%"
"03.09.2019","1.303,49","1.306,76","1.307,28","1.297,74","-","-0,44%"
"02.09.2019","1.309,22","1.293,90","1.310,63","1.292,86","-","1,23%"
"30.08.2019","1.293,32","1.285,55","1.297,68","1.284,85","-","0,65%"
"29.08.2019","1.284,94","1.264,18","1.284,94","1.261,97","-","1,44%"
"28.08.2019","1.266,71","1.260,45","1.267,41","1.250,87","-","0,64%"
"27.08.2019","1.258,60","1.268,86","1.269,98","1.248,32","-","-0,76%"
"26.08.2019","1.268,25","1.265,40","1.276,24","1.260,45","-","-0,02%"
"23.08.2019","1.268,45","1.286,45","1.288,49","1.267,62","-","-1,11%"
"22.08.2019","1.282,63","1.280,98","1.288,28","1.276,17","-","0,19%"
"21.08.2019","1.280,19","1.267,54","1.281,80","1.262,74","-","1,23%"
"20.08.2019","1.264,59","1.248,39","1.265,22","1.245,85","-","1,37%"
"19.08.2019","1.247,53","1.244,40","1.253,34","1.233,19","-","0,62%"
"16.08.2019","1.239,81","1.257,30","1.261,09","1.239,81","-","-0,83%"
"15.08.2019","1.250,13","1.260,76","1.268,73","1.241,12","-","-0,76%"
"14.08.2019","1.259,68","1.302,88","1.304,47","1.255,79","-","-2,94%"
"13.08.2019","1.297,85","1.294,95","1.306,46","1.277,68","-","0,29%"
"12.08.2019","1.294,12","1.296,69","1.302,04","1.287,47","-","0,36%"
"09.08.2019","1.289,47","1.306,05","1.307,73","1.289,08","-","-1,10%"
"08.08.2019","1.303,80","1.298,77","1.308,80","1.298,77","-","1,47%"
"07.08.2019","1.284,91","1.294,94","1.306,53","1.280,42","-","-0,74%"
"06.08.2019","1.294,50","1.276,22","1.300,77","1.276,10","-","0,95%"
"05.08.2019","1.282,29","1.287,11","1.295,01","1.279,29","-","-0,84%"
"02.08.2019","1.293,19","1.325,48","1.325,48","1.290,12","-","-3,95%"
"01.08.2019","1.346,40","1.350,46","1.352,72","1.339,54","-","-1,00%"
"31.07.2019","1.360,04","1.358,07","1.364,84","1.352,68","-","0,53%"
"30.07.2019","1.352,89","1.355,91","1.358,09","1.349,00","-","-0,05%"
"29.07.2019","1.353,61","1.350,11","1.355,58","1.346,26","-","0,39%"
"26.07.2019","1.348,30","1.343,71","1.361,94","1.342,53","-","0,10%"
"25.07.2019","1.346,91","1.333,57","1.362,30","1.326,48","-","0,54%"
"24.07.2019","1.339,62","1.350,01","1.351,31","1.336,94","-","-0,44%"
"23.07.2019","1.345,48","1.341,54","1.351,08","1.338,94","-","0,32%"
"22.07.2019","1.341,17","1.349,12","1.353,41","1.341,17","-","-0,70%"
"19.07.2019","1.350,69","1.359,44","1.365,88","1.350,33","-","0,07%"
"18.07.2019","1.349,76","1.354,30","1.359,43","1.348,95","-","-0,87%"
"17.07.2019","1.361,58","1.357,09","1.367,04","1.354,11","-","-1,48%"
"16.07.2019","1.382,09","1.384,53","1.385,18","1.372,76","-","-0,32%"
"15.07.2019","1.386,52","1.392,92","1.396,67","1.385,30","-","-0,10%"
"12.07.2019","1.387,87","1.397,71","1.398,55","1.379,50","-","-0,79%"
"11.07.2019","1.398,88","1.408,78","1.413,82","1.391,55","-","-0,62%"
"10.07.2019","1.407,64","1.392,56","1.409,43","1.386,15","-","0,92%"
"09.07.2019","1.394,86","1.395,92","1.399,16","1.390,70","-","-0,34%"
"08.07.2019","1.399,55","1.393,62","1.399,55","1.384,05","-","0,06%"
"05.07.2019","1.398,75","1.410,91","1.412,97","1.397,29","-","-0,91%"
"04.07.2019","1.411,53","1.404,60","1.411,53","1.399,22","-","0,71%"
"03.07.2019","1.401,52","1.398,24","1.402,45","1.389,47","-","0,23%"
"02.07.2019","1.398,26","1.402,12","1.405,40","1.391,08","-","-0,24%"
"01.07.2019","1.401,64","1.383,57","1.409,76","1.383,57","-","1,53%"
"28.06.2019","1.380,52","1.387,33","1.393,63","1.380,06","-","-0,54%"
"27.06.2019","1.388,07","1.386,14","1.396,19","1.380,88","-","0,10%"
"26.06.2019","1.386,63","1.380,58","1.388,93","1.376,89","-","0,42%"
"25.06.2019","1.380,87","1.389,96","1.392,90","1.373,15","-","-0,45%"
"24.06.2019","1.387,06","1.381,01","1.389,52","1.380,92","-","0,88%"
"21.06.2019","1.375,02","1.390,86","1.391,03","1.365,48","-","-1,16%"
"20.06.2019","1.391,21","1.362,52","1.391,72","1.362,52","-","2,21%"
"19.06.2019","1.361,14","1.359,51","1.366,49","1.353,87","-","0,14%"
"18.06.2019","1.359,23","1.338,30","1.359,63","1.334,56","-","1,37%"
"17.06.2019","1.340,90","1.339,50","1.351,04","1.336,32","-","-0,01%"
"14.06.2019","1.341,05","1.345,14","1.356,06","1.341,05","-","-0,44%"
"13.06.2019","1.346,98","1.342,10","1.346,98","1.332,72","-","0,27%"
"11.06.2019","1.343,33","1.321,82","1.347,83","1.321,67","-","0,57%"
"10.06.2019","1.335,71","1.327,75","1.337,63","1.326,94","-","0,74%"
"07.06.2019","1.325,95","1.323,75","1.330,41","1.320,48","-","0,46%"
"06.06.2019","1.319,85","1.301,74","1.321,23","1.301,05","-","1,27%"
"05.06.2019","1.303,35","1.308,59","1.314,29","1.300,11","-","-0,32%"
"04.06.2019","1.307,55","1.314,22","1.321,39","1.299,06","-","-0,58%"
"03.06.2019","1.315,22","1.280,99","1.323,06","1.273,62","-","2,19%"
"31.05.2019","1.287,09","1.283,38","1.288,31","1.268,29","-","0,04%"
"30.05.2019","1.286,52","1.282,56","1.291,11","1.280,69","-","0,83%"
"29.05.2019","1.275,92","1.269,23","1.277,77","1.262,13","-","0,38%"
"28.05.2019","1.271,15","1.287,34","1.289,61","1.264,86","-","-1,32%"
"27.05.2019","1.288,12","1.280,01","1.288,12","1.279,12","-","0,70%"
"24.05.2019","1.279,11","1.273,67","1.290,80","1.273,67","-","0,29%"
"23.05.2019","1.275,42","1.288,79","1.288,79","1.269,50","-","-1,34%"
"22.05.2019","1.292,79","1.281,02","1.296,85","1.276,20","-","1,07%"
"21.05.2019","1.279,12","1.257,20","1.281,12","1.256,10","-","1,82%"
"20.05.2019","1.256,22","1.255,83","1.263,72","1.252,29","-","0,12%"
"17.05.2019","1.254,68","1.255,98","1.259,31","1.252,02","-","-0,53%"
"16.05.2019","1.261,33","1.243,79","1.266,63","1.243,63","-","1,15%"
"15.05.2019","1.247,02","1.246,28","1.251,41","1.239,02","-","0,44%"
"14.05.2019","1.241,51","1.208,00","1.243,96","1.208,00","-","2,81%"
"13.05.2019","1.207,57","1.215,63","1.221,53","1.206,96","-","-0,51%"
"10.05.2019","1.213,79","1.228,82","1.229,69","1.210,67","-","-1,56%"
"08.05.2019","1.233,05","1.234,93","1.239,86","1.229,01","-","-0,39%"
"07.05.2019","1.237,86","1.245,91","1.247,95","1.234,93","-","-0,62%"
"06.05.2019","1.245,59","1.243,52","1.245,59","1.228,15","-","-0,22%"
"03.05.2019","1.248,39","1.239,21","1.250,79","1.239,21","-","0,84%"
"02.05.2019","1.238,05","1.247,09","1.249,41","1.236,94","-","-0,83%"
"30.04.2019","1.248,39","1.255,83","1.255,90","1.244,86","-","-0,52%"
"29.04.2019","1.254,96","1.247,80","1.255,55","1.247,21","-","0,64%"
"26.04.2019","1.247,01","1.247,64","1.248,29","1.239,97","-","0,08%"
"25.04.2019","1.245,98","1.262,49","1.263,20","1.244,80","-","-1,42%"
"24.04.2019","1.263,97","1.279,71","1.279,79","1.257,94","-","-1,08%"
"23.04.2019","1.277,71","1.276,75","1.284,91","1.271,58","-","0,17%"
"22.04.2019","1.275,59","1.262,64","1.276,98","1.262,64","-","1,17%"
"19.04.2019","1.260,82","1.262,73","1.265,60","1.259,28","-","-0,12%"
"18.04.2019","1.262,28","1.266,51","1.266,51","1.254,28","-","-0,26%"
"17.04.2019","1.265,51","1.259,75","1.269,86","1.259,75","-","0,80%"
"16.04.2019","1.255,45","1.248,56","1.258,53","1.244,73","-","0,68%"
"15.04.2019","1.246,99","1.255,43","1.260,46","1.242,77","-","-0,51%"
"12.04.2019","1.253,44","1.243,74","1.260,49","1.243,60","-","0,66%"
"11.04.2019","1.245,17","1.262,78","1.266,08","1.245,17","-","-1,37%"
"10.04.2019","1.262,48","1.248,22","1.263,61","1.245,10","-","1,13%"
"09.04.2019","1.248,38","1.244,90","1.252,88","1.242,97","-","0,66%"
"08.04.2019","1.240,16","1.225,74","1.240,16","1.225,74","-","1,17%"
"05.04.2019","1.225,84","1.219,83","1.229,31","1.219,60","-","0,48%"
"04.04.2019","1.219,94","1.222,00","1.224,00","1.214,70","-","-0,36%"
"03.04.2019","1.224,35","1.220,99","1.232,64","1.220,99","-","0,67%"
"02.04.2019","1.216,20","1.219,43","1.222,34","1.211,02","-","0,16%"
"01.04.2019","1.214,29","1.199,31","1.217,68","1.199,31","-","1,35%"
"29.03.2019","1.198,11","1.209,75","1.220,22","1.194,92","-","-0,76%"
"28.03.2019","1.207,31","1.208,84","1.212,64","1.203,38","-","0,01%"
"27.03.2019","1.207,23","1.228,29","1.229,43","1.207,23","-","-1,85%"
"26.03.2019","1.229,96","1.228,32","1.236,19","1.223,80","-","0,13%"
"25.03.2019","1.228,34","1.212,07","1.229,93","1.205,19","-","1,23%"
"22.03.2019","1.213,40","1.237,00","1.240,14","1.209,14","-","-1,96%"
"21.03.2019","1.237,68","1.235,79","1.243,70","1.234,02","-","0,93%"
"20.03.2019","1.226,26","1.220,05","1.227,33","1.216,71","-","0,53%"
"19.03.2019","1.219,78","1.216,26","1.223,33","1.214,40","-","0,53%"
"18.03.2019","1.213,35","1.204,05","1.218,35","1.201,77","-","1,39%"
"15.03.2019","1.196,75","1.182,78","1.196,75","1.182,78","-","1,25%"
"14.03.2019","1.181,96","1.189,58","1.193,21","1.179,67","-","-0,60%"
"13.03.2019","1.189,14","1.184,87","1.189,14","1.177,84","-","0,49%"
"12.03.2019","1.183,34","1.179,20","1.188,37","1.178,78","-","0,56%"
"11.03.2019","1.176,71","1.176,03","1.179,62","1.173,05","-","-0,24%"
"07.03.2019","1.179,58","1.189,81","1.190,94","1.177,53","-","-1,00%"
"06.03.2019","1.191,51","1.182,11","1.193,91","1.182,11","-","0,96%"
"05.03.2019","1.180,15","1.184,68","1.185,65","1.177,37","-","-0,48%"
"04.03.2019","1.185,83","1.184,34","1.190,28","1.182,72","-","-0,13%"
"01.03.2019","1.187,35","1.188,80","1.194,47","1.184,46","-","-0,08%"
"28.02.2019","1.188,28","1.191,84","1.192,34","1.181,14","-","-0,23%"
"27.02.2019","1.191,01","1.196,57","1.199,77","1.183,38","-","-0,17%"
"26.02.2019","1.193,07","1.196,90","1.196,90","1.186,28","-","-0,71%"
"25.02.2019","1.201,57","1.200,37","1.210,88","1.195,12","-","0,26%"
"22.02.2019","1.198,40","1.186,97","1.198,40","1.186,14","-","0,82%"
"21.02.2019","1.188,60","1.194,38","1.199,71","1.184,50","-","-0,49%"
"20.02.2019","1.194,40","1.179,37","1.194,85","1.179,37","-","1,77%"
"19.02.2019","1.173,64","1.174,60","1.180,01","1.164,89","-","-0,29%"
"18.02.2019","1.177,04","1.182,85","1.186,66","1.167,54","-","-0,04%"
"15.02.2019","1.177,50","1.165,08","1.178,00","1.165,08","-","1,83%"
"14.02.2019","1.156,31","1.169,05","1.174,19","1.151,95","-","-2,90%"
"13.02.2019","1.190,79","1.212,00","1.215,48","1.190,60","-","-2,03%"
"12.02.2019","1.215,47","1.201,34","1.218,83","1.201,34","-","1,18%"
"11.02.2019","1.201,33","1.198,87","1.209,81","1.198,81","-","0,14%"
"08.02.2019","1.199,65","1.199,00","1.201,41","1.189,57","-","-0,04%"
"07.02.2019","1.200,14","1.213,51","1.213,51","1.197,06","-","-1,29%"
"06.02.2019","1.215,83","1.222,94","1.225,08","1.214,56","-","-0,63%"
"05.02.2019","1.223,48","1.212,45","1.226,56","1.212,33","-","1,02%"
"04.02.2019","1.211,15","1.213,36","1.219,09","1.209,20","-","-0,01%"
"01.02.2019","1.211,23","1.213,70","1.218,41","1.205,11","-","-0,27%"
"31.01.2019","1.214,45","1.210,89","1.224,55","1.210,89","-","1,29%"
"30.01.2019","1.198,99","1.190,83","1.200,09","1.187,66","-","0,64%"
"29.01.2019","1.191,38","1.176,95","1.192,79","1.169,06","-","1,06%"
"28.01.2019","1.178,91","1.192,98","1.196,78","1.175,12","-","-1,10%"
"25.01.2019","1.192,02","1.190,70","1.193,29","1.181,79","-","0,33%"
"24.01.2019","1.188,15","1.187,07","1.191,50","1.179,74","-","0,14%"
"23.01.2019","1.186,51","1.168,49","1.186,61","1.167,86","-","1,43%"
"22.01.2019","1.169,79","1.170,32","1.170,32","1.161,91","-","-0,11%"
"21.01.2019","1.171,09","1.175,84","1.178,44","1.171,09","-","-0,45%"
"18.01.2019","1.176,42","1.164,95","1.176,42","1.163,38","-","1,67%"
"17.01.2019","1.157,06","1.156,42","1.157,89","1.148,25","-","0,35%"
"16.01.2019","1.152,99","1.148,09","1.155,09","1.146,20","-","0,43%"
"15.01.2019","1.148,03","1.146,97","1.155,03","1.139,16","-","0,08%"
"14.01.2019","1.147,16","1.148,29","1.148,29","1.132,28","-","-0,14%"
"11.01.2019","1.148,75","1.146,76","1.153,31","1.140,39","-","0,56%"
"10.01.2019","1.142,32","1.139,22","1.142,32","1.129,15","-","0,60%"
"09.01.2019","1.135,51","1.127,09","1.137,15","1.124,42","-","1,12%"
"08.01.2019","1.122,90","1.116,61","1.127,70","1.114,38","-","0,44%"
"04.01.2019","1.118,03","1.090,96","1.118,03","1.090,96","-","2,87%"
"03.01.2019","1.086,80","1.069,39","1.093,22","1.063,63","-","1,69%"
"29.12.2018","1.068,72","1.068,72","1.068,72","1.068,72","-","0,24%"
"28.12.2018","1.066,13","1.055,08","1.076,81","1.055,08","-","0,90%"
"27.12.2018","1.056,61","1.062,31","1.073,76","1.052,68","-","0,33%"
"26.12.2018","1.053,17","1.051,55","1.056,26","1.045,30","-","0,43%"
"25.12.2018","1.048,71","1.064,93","1.064,93","1.033,31","-","-2,00%"
"24.12.2018","1.070,09","1.073,14","1.080,16","1.066,36","-","-0,66%"
"21.12.2018","1.077,17","1.084,41","1.089,88","1.070,98","-","-0,58%"
"20.12.2018","1.083,47","1.096,71","1.097,63","1.081,28","-","-1,47%"
"19.12.2018","1.099,63","1.099,17","1.103,49","1.089,10","-","-0,58%"
"18.12.2018","1.106,05","1.110,35","1.110,35","1.095,48","-","-0,66%"
"17.12.2018","1.113,44","1.115,54","1.126,93","1.111,01","-","-0,27%"
"14.12.2018","1.116,50","1.130,53","1.130,53","1.111,79","-","-1,14%"
"13.12.2018","1.129,35","1.123,60","1.131,41","1.120,95","-","0,32%"
"12.12.2018","1.125,78","1.135,59","1.136,97","1.122,18","-","-0,79%"
"11.12.2018","1.134,71","1.133,23","1.143,15","1.127,72","-","-0,16%"
"10.12.2018","1.136,50","1.151,15","1.156,63","1.135,39","-","-1,85%"
"07.12.2018","1.157,94","1.137,65","1.163,61","1.134,73","-","2,10%"
"06.12.2018","1.134,07","1.154,13","1.154,13","1.121,57","-","-1,64%"
"05.12.2018","1.153,00","1.142,93","1.153,00","1.135,75","-","-0,25%"
"04.12.2018","1.155,88","1.156,01","1.160,50","1.150,16","-","0,15%"
"03.12.2018","1.154,18","1.131,70","1.162,72","1.131,70","-","2,49%"
"30.11.2018","1.126,14","1.139,27","1.139,71","1.119,50","-","-1,33%"
"29.11.2018","1.141,30","1.123,14","1.146,22","1.123,14","-","2,50%"
"28.11.2018","1.113,46","1.099,75","1.116,23","1.096,28","-","1,35%"
"27.11.2018","1.098,59","1.085,12","1.101,96","1.085,12","-","1,33%"
"26.11.2018","1.084,17","1.115,68","1.116,90","1.072,69","-","-2,64%"
"23.11.2018","1.113,52","1.136,94","1.136,94","1.110,36","-","-2,18%"
"22.11.2018","1.138,38","1.131,27","1.140,72","1.127,02","-","0,97%"
"21.11.2018","1.127,42","1.113,72","1.131,05","1.112,38","-","0,95%"
"20.11.2018","1.116,85","1.139,97","1.139,97","1.107,43","-","-1,66%"
"19.11.2018","1.135,71","1.134,05","1.143,11","1.131,08","-","0,07%"
"16.11.2018","1.134,93","1.140,12","1.145,80","1.130,46","-","0,34%"
"15.11.2018","1.131,13","1.119,54","1.134,79","1.119,54","-","1,24%"
"14.11.2018","1.117,26","1.095,60","1.117,26","1.088,13","-","1,56%"
"13.11.2018","1.100,05","1.108,92","1.117,66","1.100,05","-","-1,32%"
"12.11.2018","1.114,75","1.113,74","1.130,97","1.113,74","-","-0,59%"
"09.11.2018","1.121,38","1.145,07","1.145,07","1.113,52","-","-2,93%"
"08.11.2018","1.155,27","1.161,99","1.168,55","1.152,64","-","-0,77%"
"07.11.2018","1.164,27","1.148,73","1.164,84","1.140,01","-","1,14%"
"06.11.2018","1.151,14","1.133,18","1.154,98","1.133,18","-","1,44%"
"02.11.2018","1.134,80","1.133,24","1.142,77","1.130,51","-","0,30%"
"01.11.2018","1.131,38","1.125,14","1.135,72","1.119,49","-","0,46%"
"31.10.2018","1.126,21","1.108,26","1.126,21","1.108,26","-","1,89%"
"30.10.2018","1.105,33","1.105,82","1.111,05","1.094,54","-","-0,65%"
"29.10.2018","1.112,61","1.097,96","1.115,70","1.092,71","-","1,30%"
"26.10.2018","1.098,31","1.118,40","1.118,40","1.087,74","-","-2,00%"
"25.10.2018","1.120,69","1.114,26","1.122,11","1.105,33","-","-0,39%"
"24.10.2018","1.125,08","1.111,42","1.134,12","1.108,37","-","1,65%"
"23.10.2018","1.106,82","1.111,93","1.118,89","1.103,17","-","-0,87%"
"22.10.2018","1.116,56","1.129,07","1.140,54","1.116,30","-","-0,92%"
"19.10.2018","1.126,97","1.139,87","1.141,90","1.124,78","-","-1,16%"
"18.10.2018","1.140,17","1.158,69","1.158,69","1.137,65","-","-1,95%"
"17.10.2018","1.162,79","1.168,53","1.173,84","1.153,94","-","-0,26%"
"16.10.2018","1.165,87","1.145,53","1.166,65","1.144,30","-","1,67%"
"15.10.2018","1.146,72","1.146,14","1.155,89","1.139,66","-","0,47%"
"12.10.2018","1.141,35","1.127,46","1.149,43","1.127,46","-","1,54%"
"11.10.2018","1.124,08","1.123,66","1.132,36","1.112,49","-","-1,69%"
"10.10.2018","1.143,35","1.162,79","1.169,85","1.139,25","-","-1,39%"
"09.10.2018","1.159,47","1.163,93","1.175,98","1.156,38","-","0,11%"
"08.10.2018","1.158,25","1.159,20","1.165,35","1.147,46","-","-0,09%"
"05.10.2018","1.159,33","1.155,59","1.168,29","1.151,78","-","-0,12%"
"04.10.2018","1.160,76","1.192,06","1.192,21","1.159,32","-","-2,95%"
"03.10.2018","1.196,03","1.178,97","1.200,14","1.178,97","-","1,22%"
"02.10.2018","1.181,61","1.200,10","1.202,16","1.175,73","-","-0,81%"
"01.10.2018","1.191,28","1.192,55","1.199,18","1.180,96","-","-0,06%"
"28.09.2018","1.192,04","1.184,86","1.192,04","1.175,11","-","0,35%"
"27.09.2018","1.187,88","1.160,29","1.187,88","1.158,76","-","2,33%"
"26.09.2018","1.160,78","1.169,32","1.174,15","1.156,13","-","-0,71%"
"25.09.2018","1.169,04","1.163,88","1.170,45","1.156,59","-","0,52%"
"24.09.2018","1.162,98","1.150,93","1.163,85","1.150,75","-","1,17%"
"21.09.2018","1.149,53","1.141,45","1.149,53","1.136,17","-","0,78%"
"20.09.2018","1.140,65","1.134,06","1.156,22","1.133,03","-","0,58%"
"19.09.2018","1.134,10","1.124,80","1.136,78","1.122,49","-","0,99%"
"18.09.2018","1.123,03","1.098,81","1.123,03","1.098,81","-","2,14%"
"17.09.2018","1.099,50","1.093,15","1.099,74","1.086,34","-","0,44%"
"14.09.2018","1.094,73","1.088,94","1.097,36","1.080,80","-","0,94%"
"13.09.2018","1.084,54","1.067,83","1.098,44","1.067,83","-","1,23%"
"12.09.2018","1.071,32","1.061,70","1.074,79","1.056,55","-","1,46%"
"11.09.2018","1.055,90","1.042,98","1.056,64","1.040,89","-","1,19%"
"10.09.2018","1.043,46","1.046,73","1.052,54","1.040,30","-","-0,67%"
"07.09.2018","1.050,51","1.056,02","1.063,19","1.048,86","-","-0,37%"
"06.09.2018","1.054,36","1.070,76","1.079,45","1.053,39","-","-1,36%"
"05.09.2018","1.068,88","1.078,99","1.079,82","1.068,88","-","-1,23%"
"04.09.2018","1.082,21","1.086,16","1.088,55","1.074,73","-","-0,27%"
"03.09.2018","1.085,19","1.093,34","1.094,03","1.082,40","-","-0,65%"
"31.08.2018","1.092,29","1.074,87","1.096,09","1.069,86","-","1,56%"
"30.08.2018","1.075,55","1.090,56","1.094,07","1.072,95","-","-0,87%"
"29.08.2018","1.085,01","1.075,32","1.085,01","1.070,79","-","0,62%"
"28.08.2018","1.078,28","1.079,50","1.085,93","1.075,30","-","-0,54%"
"27.08.2018","1.084,13","1.071,46","1.084,92","1.068,58","-","1,85%"
"24.08.2018","1.064,46","1.043,56","1.066,25","1.040,73","-","1,96%"
"23.08.2018","1.043,99","1.062,29","1.066,61","1.042,11","-","-2,00%"
"22.08.2018","1.065,34","1.075,29","1.076,13","1.055,93","-","-0,63%"
"21.08.2018","1.072,12","1.067,64","1.074,10","1.056,52","-","0,64%"
"20.08.2018","1.065,34","1.064,75","1.069,15","1.061,56","-","1,20%"
"17.08.2018","1.052,74","1.066,10","1.069,19","1.048,67","-","-1,29%"
"16.08.2018","1.066,51","1.062,11","1.070,29","1.058,39","-","1,07%"
"15.08.2018","1.055,24","1.083,39","1.083,85","1.047,95","-","-2,43%"
"14.08.2018","1.081,50","1.067,88","1.086,01","1.065,19","-","2,05%"
"13.08.2018","1.059,76","1.053,67","1.069,55","1.039,29","-","0,27%"
"10.08.2018","1.056,93","1.084,36","1.092,23","1.056,93","-","-3,68%"
"09.08.2018","1.097,33","1.096,72","1.098,80","1.073,15","-","-1,48%"
"08.08.2018","1.113,78","1.145,28","1.146,53","1.110,52","-","-2,91%"
"07.08.2018","1.147,16","1.138,45","1.152,10","1.137,32","-","0,75%"
"06.08.2018","1.138,57","1.142,74","1.146,54","1.131,83","-","-0,57%"
"03.08.2018","1.145,08","1.140,32","1.145,08","1.129,51","-","0,36%"
"02.08.2018","1.140,96","1.155,29","1.158,36","1.134,84","-","-1,65%"
"01.08.2018","1.160,09","1.168,12","1.170,02","1.157,70","-","-1,11%"
"31.07.2018","1.173,06","1.159,23","1.173,06","1.156,40","-","0,92%"
"30.07.2018","1.162,42","1.147,92","1.162,42","1.141,03","-","0,93%"
"27.07.2018","1.151,74","1.147,86","1.151,74","1.137,91","-","0,26%"
"26.07.2018","1.148,79","1.147,25","1.153,12","1.141,50","-","0,62%"
"25.07.2018","1.141,70","1.128,58","1.143,36","1.124,58","-","-0,18%"
"24.07.2018","1.143,81","1.131,03","1.146,27","1.130,80","-","1,23%"
"23.07.2018","1.129,92","1.116,33","1.134,39","1.116,33","-","1,38%"
"20.07.2018","1.114,59","1.123,21","1.129,95","1.112,63","-","-0,88%"
"19.07.2018","1.124,43","1.149,26","1.149,26","1.120,30","-","-1,77%"
"18.07.2018","1.144,72","1.154,65","1.157,23","1.138,99","-","-1,75%"
"17.07.2018","1.165,14","1.175,35","1.175,35","1.155,29","-","-1,31%"
"16.07.2018","1.180,64","1.179,92","1.191,76","1.172,81","-","-0,73%"
"13.07.2018","1.189,35","1.177,16","1.189,35","1.175,54","-","1,01%"
"12.07.2018","1.177,50","1.178,24","1.183,45","1.169,76","-","-0,75%"
"11.07.2018","1.186,36","1.202,08","1.202,08","1.180,41","-","-1,34%"
"10.07.2018","1.202,42","1.193,79","1.202,42","1.190,33","-","0,78%"
"09.07.2018","1.193,17","1.176,52","1.194,75","1.176,52","-","1,68%"
"06.07.2018","1.173,47","1.169,25","1.176,62","1.156,67","-","0,16%"
"05.07.2018","1.171,64","1.145,68","1.171,64","1.143,34","-","2,10%"
"04.07.2018","1.147,53","1.148,61","1.151,91","1.144,28","-","0,01%"
"03.07.2018","1.147,47","1.151,91","1.155,87","1.143,31","-","-0,36%"
"02.07.2018","1.151,66","1.151,98","1.162,59","1.141,21","-","-0,22%"
"29.06.2018","1.154,16","1.134,74","1.154,16","1.134,47","-","2,58%"
"28.06.2018","1.125,13","1.123,54","1.129,77","1.117,58","-","0,03%"
"27.06.2018","1.124,84","1.119,42","1.133,61","1.106,25","-","1,01%"
"26.06.2018","1.113,60","1.123,13","1.130,49","1.111,04","-","-0,59%"
"25.06.2018","1.120,23","1.119,36","1.129,56","1.118,66","-","-0,46%"
"22.06.2018","1.125,41","1.113,08","1.131,73","1.113,08","-","1,32%"
"21.06.2018","1.110,79","1.115,63","1.121,07","1.108,36","-","-0,75%"
"20.06.2018","1.119,21","1.098,10","1.121,99","1.098,10","-","2,03%"
"19.06.2018","1.096,92","1.100,54","1.101,36","1.077,52","-","-0,34%"
"18.06.2018","1.100,63","1.114,01","1.115,09","1.098,97","-","-1,47%"
"15.06.2018","1.117,04","1.134,17","1.137,68","1.115,03","-","-2,10%"
"14.06.2018","1.140,97","1.143,54","1.148,86","1.138,01","-","-0,58%"
"13.06.2018","1.147,57","1.141,27","1.149,83","1.134,85","-","0,49%"
"11.06.2018","1.142,02","1.150,77","1.157,75","1.140,50","-","-0,62%"
"09.06.2018","1.149,19","1.146,97","1.153,10","1.146,97","-","0,55%"
"08.06.2018","1.142,90","1.167,36","1.167,45","1.141,65","-","-2,42%"
"07.06.2018","1.171,22","1.182,02","1.186,63","1.171,22","-","-0,55%"
"06.06.2018","1.177,73","1.175,69","1.179,26","1.168,81","-","0,42%"
"05.06.2018","1.172,77","1.179,01","1.185,20","1.168,42","-","-0,59%"
"04.06.2018","1.179,78","1.164,68","1.183,01","1.164,68","-","1,32%"
"01.06.2018","1.164,37","1.159,63","1.173,53","1.159,26","-","0,12%"
"31.05.2018","1.162,98","1.168,86","1.175,94","1.158,15","-","0,00%"
"30.05.2018","1.162,96","1.152,67","1.168,27","1.151,11","-","0,70%"
"29.05.2018","1.154,90","1.170,15","1.171,05","1.146,31","-","-1,05%"
"28.05.2018","1.167,21","1.166,58","1.170,27","1.163,98","-","-0,23%"
"25.05.2018","1.169,93","1.174,95","1.184,26","1.164,63","-","-0,32%"
"24.05.2018","1.173,63","1.180,36","1.184,78","1.171,72","-","-0,09%"
"23.05.2018","1.174,71","1.192,38","1.193,33","1.173,74","-","-2,27%"
"22.05.2018","1.202,04","1.193,52","1.202,04","1.189,67","-","0,85%"
"21.05.2018","1.191,86","1.178,00","1.193,83","1.174,86","-","1,60%"
"18.05.2018","1.173,14","1.177,37","1.185,82","1.170,91","-","-0,72%"
"17.05.2018","1.181,61","1.195,42","1.196,45","1.181,61","-","-0,69%"
"16.05.2018","1.189,77","1.180,95","1.190,87","1.175,96","-","0,93%"
"15.05.2018","1.178,76","1.198,64","1.198,64","1.171,48","-","-1,98%"
"14.05.2018","1.202,56","1.193,53","1.203,99","1.185,94","-","0,72%"
"11.05.2018","1.193,98","1.183,11","1.200,21","1.181,58","-","1,22%"
"10.05.2018","1.179,63","1.153,96","1.182,14","1.153,96","-","3,28%"
"08.05.2018","1.142,13","1.147,81","1.147,81","1.131,77","-","-1,02%"
"07.05.2018","1.153,85","1.155,49","1.161,25","1.147,62","-","0,63%"
"04.05.2018","1.146,61","1.138,98","1.150,44","1.135,83","-","1,63%"
"03.05.2018","1.128,22","1.133,50","1.150,36","1.128,22","-","-0,73%"
"02.05.2018","1.136,56","1.153,31","1.154,21","1.133,40","-","-1,51%"
"30.04.2018","1.153,96","1.161,71","1.169,51","1.150,81","-","-0,87%"
"28.04.2018","1.164,09","1.166,30","1.166,30","1.160,07","-","-0,26%"
"27.04.2018","1.167,12","1.149,15","1.167,23","1.146,25","-","1,77%"
"26.04.2018","1.146,85","1.138,10","1.149,97","1.131,00","-","0,81%"
"25.04.2018","1.137,62","1.147,80","1.149,29","1.132,62","-","-1,40%"
"24.04.2018","1.153,83","1.151,97","1.161,14","1.148,76","-","0,80%"
"23.04.2018","1.144,66","1.145,36","1.147,52","1.122,01","-","-0,10%"
"20.04.2018","1.145,80","1.154,58","1.154,58","1.139,60","-","-0,68%"
"19.04.2018","1.153,59","1.164,12","1.176,66","1.147,98","-","-0,08%"
"18.04.2018","1.154,55","1.123,17","1.154,55","1.117,99","-","2,95%"
"17.04.2018","1.121,48","1.119,77","1.129,82","1.105,46","-","3,35%"
"16.04.2018","1.085,16","1.095,34","1.104,02","1.081,73","-","-1,75%"
"13.04.2018","1.104,51","1.122,86","1.137,01","1.098,50","-","-1,83%"
"12.04.2018","1.125,09","1.110,90","1.135,62","1.106,06","-","3,84%"
"11.04.2018","1.083,53","1.085,64","1.097,25","1.047,62","-","-0,67%"
"10.04.2018","1.090,79","1.085,93","1.111,43","1.042,82","-","-0,38%"
"09.04.2018","1.094,98","1.230,82","1.230,82","1.081,28","-","-11,44%"
"06.04.2018","1.236,48","1.248,24","1.250,60","1.233,93","-","-1,36%"
"05.04.2018","1.253,47","1.244,96","1.255,20","1.243,29","-","1,05%"
"04.04.2018","1.240,39","1.239,15","1.241,58","1.224,57","-","0,27%"
"03.04.2018","1.237,06","1.238,14","1.240,89","1.228,78","-","0,24%"
"02.04.2018","1.234,06","1.252,44","1.259,59","1.234,06","-","-1,23%"
"30.03.2018","1.249,41","1.253,78","1.256,68","1.245,77","-","0,19%"
"29.03.2018","1.246,98","1.228,91","1.248,11","1.228,91","-","1,64%"
"28.03.2018","1.226,80","1.237,98","1.237,98","1.222,47","-","-1,38%"
"27.03.2018","1.243,99","1.238,82","1.251,08","1.235,74","-","1,06%"
"26.03.2018","1.230,96","1.256,89","1.262,86","1.229,42","-","-2,42%"
"23.03.2018","1.261,44","1.250,51","1.262,08","1.245,24","-","0,20%"
"22.03.2018","1.258,89","1.280,14","1.283,10","1.255,50","-","-0,88%"
"21.03.2018","1.270,08","1.255,84","1.271,73","1.254,94","-","1,12%"
"20.03.2018","1.256,00","1.242,79","1.256,77","1.234,23","-","1,19%"
"19.03.2018","1.241,28","1.259,71","1.261,13","1.241,28","-","-1,04%"
"16.03.2018","1.254,29","1.246,50","1.254,29","1.235,20","-","0,56%"
"15.03.2018","1.247,28","1.254,33","1.261,95","1.243,12","-","-0,31%"
"14.03.2018","1.251,19","1.279,60","1.280,00","1.251,19","-","-2,69%"
"13.03.2018","1.285,80","1.282,12","1.289,27","1.273,38","-","0,20%"
"12.03.2018","1.283,18","1.288,38","1.293,80","1.278,96","-","-0,18%"
"09.03.2018","1.285,53","1.270,45","1.285,53","1.262,96","-","1,21%"
"07.03.2018","1.270,17","1.278,30","1.278,30","1.255,27","-","-0,88%"
"06.03.2018","1.281,43","1.291,30","1.297,30","1.281,43","-","0,15%"
"05.03.2018","1.279,51","1.270,91","1.279,58","1.267,26","-","1,42%"
"02.03.2018","1.261,63","1.272,45","1.279,64","1.248,07","-","-0,98%"
"01.03.2018","1.274,18","1.278,68","1.283,30","1.266,51","-","-0,88%"
"28.02.2018","1.285,47","1.308,81","1.308,81","1.285,47","-","-1,94%"
"27.02.2018","1.310,84","1.332,58","1.332,78","1.310,84","-","-1,04%"
"26.02.2018","1.324,62","1.312,03","1.339,41","1.311,29","-","1,81%"
"22.02.2018","1.301,01","1.285,67","1.301,01","1.279,77","-","0,76%"
"21.02.2018","1.291,19","1.263,31","1.291,19","1.260,51","-","2,10%"
"20.02.2018","1.264,68","1.258,51","1.266,10","1.254,84","-","0,45%"
"19.02.2018","1.259,01","1.259,93","1.267,32","1.255,87","-","-0,34%"
"16.02.2018","1.263,27","1.265,90","1.276,31","1.255,05","-","0,08%"
"15.02.2018","1.262,27","1.259,77","1.271,46","1.259,38","-","1,40%"
"14.02.2018","1.244,85","1.231,54","1.244,85","1.218,30","-","1,46%"
"13.02.2018","1.226,92","1.212,44","1.226,92","1.210,60","-","1,72%"
"12.02.2018","1.206,22","1.191,86","1.212,51","1.191,86","-","1,72%"
"09.02.2018","1.185,79","1.191,56","1.199,25","1.177,54","-","-2,06%"
"08.02.2018","1.210,69","1.229,76","1.231,93","1.210,69","-","-2,56%"
"07.02.2018","1.242,53","1.245,10","1.257,71","1.239,07","-","0,80%"
"06.02.2018","1.232,69","1.229,83","1.247,51","1.220,94","-","-2,46%"
"05.02.2018","1.263,77","1.266,03","1.269,43","1.254,93","-","-0,71%"
"02.02.2018","1.272,76","1.297,49","1.298,25","1.269,58","-","-1,57%"
"01.02.2018","1.293,10","1.284,70","1.297,51","1.279,60","-","0,84%"
"31.01.2018","1.282,36","1.273,24","1.284,58","1.269,26","-","0,58%"
"30.01.2018","1.274,94","1.273,31","1.292,04","1.266,48","-","-0,05%"
"29.01.2018","1.275,57","1.285,32","1.290,58","1.272,79","-","-0,87%"
"26.01.2018","1.286,70","1.305,25","1.307,03","1.281,37","-","-1,87%"
"25.01.2018","1.311,21","1.296,23","1.313,44","1.296,23","-","1,46%"
"24.01.2018","1.292,32","1.284,39","1.292,32","1.273,95","-","0,67%"
"23.01.2018","1.283,75","1.289,03","1.294,20","1.270,18","-","-0,12%"
"22.01.2018","1.285,33","1.269,72","1.285,33","1.269,72","-","1,13%"
"19.01.2018","1.270,92","1.280,91","1.283,96","1.265,53","-","-0,65%"
"18.01.2018","1.279,28","1.265,26","1.282,09","1.264,37","-","1,15%"
"17.01.2018","1.264,70","1.254,23","1.264,70","1.241,19","-","0,29%"
"16.01.2018","1.261,09","1.264,95","1.266,44","1.245,35","-","-0,25%"
"15.01.2018","1.264,30","1.261,35","1.273,07","1.259,66","-","0,26%"
"12.01.2018","1.261,07","1.253,70","1.261,07","1.242,63","-","0,99%"
"11.01.2018","1.248,75","1.233,17","1.248,75","1.227,05","-","1,14%"
"10.01.2018","1.234,64","1.231,13","1.236,53","1.225,14","-","0,45%"
"09.01.2018","1.229,15","1.222,38","1.238,26","1.222,38","-","0,76%"
"05.01.2018","1.219,89","1.216,67","1.219,89","1.208,42","-","0,47%"
"04.01.2018","1.214,17","1.185,05","1.214,17","1.185,05","-","2,63%"
"03.01.2018","1.183,06","1.154,44","1.183,06","1.154,44","-","2,48%"
"29.12.2017","1.154,43","1.151,75","1.154,43","1.142,11","-","0,33%"
"28.12.2017","1.150,58","1.148,94","1.151,29","1.143,33","-","0,14%"
"27.12.2017","1.148,92","1.147,57","1.152,09","1.145,46","-","0,34%"
"26.12.2017","1.144,97","1.144,24","1.147,27","1.137,88","-","0,09%"
"25.12.2017","1.143,94","1.138,43","1.145,62","1.138,30","-","0,73%"
"22.12.2017","1.135,70","1.129,20","1.139,10","1.128,90","-","0,77%"
"21.12.2017","1.126,97","1.127,59","1.131,13","1.121,56","-","-0,21%"
"20.12.2017","1.129,33","1.134,67","1.137,00","1.128,48","-","-0,46%"
"19.12.2017","1.134,58","1.145,92","1.149,60","1.134,58","-","-1,16%"
"18.12.2017","1.147,91","1.149,13","1.157,43","1.139,84","-","-0,03%"
"15.12.2017","1.148,27","1.153,39","1.153,39","1.142,28","-","-0,44%"
"14.12.2017","1.153,32","1.146,04","1.153,32","1.143,65","-","1,04%"
"13.12.2017","1.141,50","1.143,50","1.149,46","1.137,91","-","-0,73%"
"12.12.2017","1.149,88","1.149,04","1.155,03","1.145,27","-","0,48%"
"11.12.2017","1.144,35","1.120,62","1.144,35","1.120,62","-","2,22%"
"08.12.2017","1.119,54","1.121,13","1.126,64","1.114,91","-","0,00%"
"07.12.2017","1.119,51","1.128,20","1.128,20","1.117,27","-","-1,05%"
"06.12.2017","1.131,38","1.132,08","1.133,01","1.123,40","-","-0,25%"
"05.12.2017","1.134,25","1.134,55","1.135,10","1.128,54","-","0,03%"
"04.12.2017","1.133,87","1.125,86","1.136,45","1.113,04","-","0,05%"
"01.12.2017","1.133,33","1.133,41","1.135,25","1.124,48","-","0,16%"
"30.11.2017","1.131,56","1.140,42","1.143,83","1.126,53","-","-1,15%"
"29.11.2017","1.144,68","1.159,59","1.161,84","1.141,64","-","-1,27%"
"28.11.2017","1.159,41","1.155,11","1.160,65","1.148,07","-","-0,10%"
"27.11.2017","1.160,56","1.165,15","1.170,46","1.157,89","-","-0,47%"
"24.11.2017","1.166,09","1.158,09","1.166,85","1.153,37","-","0,64%"
"23.11.2017","1.158,62","1.163,10","1.163,97","1.155,34","-","-0,04%"
"22.11.2017","1.159,11","1.148,73","1.159,21","1.148,73","-","1,00%"
"21.11.2017","1.147,61","1.131,96","1.147,61","1.131,73","-","1,67%"
"20.11.2017","1.128,72","1.137,36","1.138,77","1.124,89","-","-0,33%"
"17.11.2017","1.132,45","1.127,37","1.135,70","1.124,14","-","0,53%"
"16.11.2017","1.126,52","1.117,27","1.128,93","1.109,72","-","0,89%"
"15.11.2017","1.116,53","1.129,65","1.130,97","1.116,47","-","-1,79%"
"14.11.2017","1.136,86","1.149,50","1.152,26","1.136,86","-","-1,04%"
"13.11.2017","1.148,79","1.154,41","1.167,73","1.148,72","-","-0,69%"
"10.11.2017","1.156,74","1.160,76","1.164,76","1.154,82","-","-0,40%"
"09.11.2017","1.161,38","1.149,40","1.161,38","1.147,22","-","0,96%"
"08.11.2017","1.150,36","1.143,77","1.156,11","1.137,58","-","0,29%"
"07.11.2017","1.146,98","1.115,89","1.152,75","1.115,89","-","3,39%"
"03.11.2017","1.109,38","1.122,89","1.130,42","1.107,65","-","-0,83%"
"02.11.2017","1.118,66","1.124,58","1.126,61","1.116,00","-","-0,69%"
"01.11.2017","1.126,43","1.118,34","1.132,56","1.117,12","-","1,17%"
"31.10.2017","1.113,41","1.122,74","1.126,18","1.113,41","-","-0,95%"
"30.10.2017","1.124,05","1.122,69","1.132,86","1.120,14","-","0,49%"
"27.10.2017","1.118,62","1.116,40","1.119,91","1.105,50","-","0,04%"
"26.10.2017","1.118,19","1.117,97","1.120,48","1.111,34","-","0,01%"
"25.10.2017","1.118,13","1.127,59","1.133,09","1.118,13","-","-0,79%"
"24.10.2017","1.127,03","1.129,89","1.132,18","1.125,93","-","-0,36%"
"23.10.2017","1.131,08","1.136,13","1.138,70","1.129,71","-","-0,30%"
"20.10.2017","1.134,45","1.142,02","1.143,48","1.131,72","-","-0,37%"
"19.10.2017","1.138,64","1.148,78","1.151,39","1.135,24","-","-0,80%"
"18.10.2017","1.147,79","1.149,85","1.154,11","1.145,95","-","0,10%"
"17.10.2017","1.146,62","1.157,25","1.157,69","1.144,18","-","-1,00%"
"16.10.2017","1.158,24","1.158,31","1.161,82","1.154,31","-","0,14%"
"13.10.2017","1.156,64","1.144,00","1.156,64","1.143,84","-","1,11%"
"12.10.2017","1.143,96","1.144,65","1.147,61","1.139,70","-","0,06%"
"11.10.2017","1.143,32","1.134,16","1.144,38","1.133,70","-","0,75%"
"10.10.2017","1.134,86","1.131,84","1.139,38","1.130,38","-","0,21%"
"09.10.2017","1.132,45","1.133,75","1.135,34","1.126,27","-","-0,16%"
"06.10.2017","1.134,30","1.140,90","1.146,37","1.132,13","-","-0,85%"
"05.10.2017","1.144,05","1.134,15","1.144,73","1.133,12","-","0,61%"
"04.10.2017","1.137,14","1.129,46","1.137,55","1.127,38","-","0,64%"
"03.10.2017","1.129,90","1.129,82","1.133,82","1.125,48","-","0,11%"
"02.10.2017","1.128,69","1.138,21","1.139,31","1.127,80","-","-0,71%"
"29.09.2017","1.136,75","1.126,72","1.137,54","1.122,45","-","0,99%"
"28.09.2017","1.125,56","1.126,28","1.131,34","1.117,05","-","-0,12%"
"27.09.2017","1.126,94","1.128,99","1.131,36","1.120,62","-","-0,03%"
"26.09.2017","1.127,26","1.133,57","1.144,12","1.127,26","-","-0,29%"
"25.09.2017","1.130,54","1.123,83","1.135,33","1.119,20","-","0,65%"
"22.09.2017","1.123,24","1.120,25","1.125,04","1.117,59","-","0,28%"
"21.09.2017","1.120,13","1.114,84","1.122,01","1.110,21","-","-0,20%"
"20.09.2017","1.122,43","1.110,33","1.122,43","1.108,31","-","1,24%"
"19.09.2017","1.108,71","1.115,13","1.117,56","1.107,79","-","-0,93%"
"18.09.2017","1.119,14","1.123,49","1.127,98","1.116,28","-","-0,38%"
"15.09.2017","1.123,43","1.123,93","1.126,29","1.115,77","-","-0,20%"
"14.09.2017","1.125,69","1.116,82","1.127,45","1.112,43","-","0,65%"
"13.09.2017","1.118,38","1.124,25","1.131,04","1.118,09","-","-0,52%"
"12.09.2017","1.124,23","1.126,48","1.130,35","1.120,87","-","-0,22%"
"11.09.2017","1.126,74","1.119,76","1.129,43","1.119,35","-","0,64%"
"08.09.2017","1.119,61","1.113,13","1.124,39","1.113,13","-","0,80%"
"07.09.2017","1.110,73","1.107,94","1.121,55","1.107,94","-","0,36%"
"06.09.2017","1.106,70","1.096,29","1.107,50","1.092,92","-","0,53%"
"05.09.2017","1.100,83","1.092,23","1.103,11","1.086,77","-","0,82%"
"04.09.2017","1.091,83","1.098,20","1.099,49","1.087,77","-","-0,80%"
"01.09.2017","1.100,58","1.098,08","1.103,54","1.094,62","-","0,43%"
"31.08.2017","1.095,84","1.079,02","1.098,46","1.076,38","-","1,05%"
"30.08.2017","1.084,41","1.067,21","1.084,41","1.067,21","-","1,58%"
"29.08.2017","1.067,58","1.070,63","1.070,63","1.055,29","-","-0,11%"
"28.08.2017","1.068,75","1.064,07","1.070,77","1.059,94","-","0,78%"
"25.08.2017","1.060,49","1.050,80","1.061,12","1.050,79","-","1,00%"
"24.08.2017","1.049,96","1.044,77","1.050,54","1.043,66","-","0,48%"
"23.08.2017","1.044,96","1.038,46","1.044,96","1.036,18","-","0,53%"
"22.08.2017","1.039,44","1.033,30","1.040,64","1.033,30","-","0,50%"
"21.08.2017","1.034,29","1.031,69","1.038,14","1.028,76","-","0,63%"
"18.08.2017","1.027,85","1.030,42","1.030,42","1.018,50","-","-0,60%"
"17.08.2017","1.034,05","1.029,94","1.036,47","1.027,26","-","0,42%"
"16.08.2017","1.029,76","1.030,01","1.036,65","1.028,73","-","0,22%"
"15.08.2017","1.027,45","1.026,38","1.027,99","1.017,64","-","-0,36%"
"14.08.2017","1.031,13","1.024,77","1.033,50","1.024,77","-","0,85%"
"11.08.2017","1.022,41","1.023,69","1.025,59","1.012,09","-","-0,67%"
"10.08.2017","1.029,26","1.038,17","1.042,62","1.029,26","-","-0,55%"
"09.08.2017","1.034,98","1.045,39","1.045,39","1.033,79","-","-1,31%"
"08.08.2017","1.048,69","1.033,81","1.048,69","1.033,29","-","1,55%"
"07.08.2017","1.032,68","1.026,07","1.036,51","1.026,07","-","0,58%"
"04.08.2017","1.026,73","1.024,40","1.028,16","1.017,90","-","-0,26%"
"03.08.2017","1.029,41","1.022,09","1.030,25","1.018,02","-","0,78%"
"02.08.2017","1.021,42","1.013,19","1.023,16","1.010,50","-","0,71%"
"01.08.2017","1.014,24","1.014,43","1.022,92","1.012,51","-","0,70%"
"31.07.2017","1.007,14","1.014,15","1.015,60","997,61","-","-0,72%"
"28.07.2017","1.014,44","1.027,60","1.027,60","1.007,42","-","-1,60%"
"27.07.2017","1.030,95","1.026,16","1.031,16","1.024,18","-","1,01%"
"26.07.2017","1.020,60","1.014,25","1.020,60","1.010,56","-","1,04%"
"25.07.2017","1.010,06","1.014,17","1.018,55","1.004,79","-","-0,36%"
"24.07.2017","1.013,69","1.019,35","1.021,99","1.006,82","-","-1,09%"
"21.07.2017","1.024,89","1.040,35","1.040,35","1.021,99","-","-1,31%"
"20.07.2017","1.038,54","1.042,35","1.044,55","1.036,43","-","-0,44%"
"19.07.2017","1.043,13","1.027,17","1.043,13","1.023,67","-","0,45%"
"18.07.2017","1.038,45","1.038,43","1.047,09","1.035,48","-","-0,09%"
"17.07.2017","1.039,34","1.046,76","1.052,59","1.035,96","-","-0,47%"
"14.07.2017","1.044,27","1.031,82","1.045,42","1.028,09","-","1,40%"
"13.07.2017","1.029,89","1.024,76","1.031,69","1.021,95","-","0,41%"
"12.07.2017","1.025,68","1.005,55","1.025,97","1.005,55","-","2,41%"
"11.07.2017","1.001,51","1.008,10","1.010,52","993,57","-","-0,46%"
"10.07.2017","1.006,14","998,27","1.007,71","994,55","-","1,10%"
"07.07.2017","995,24","998,51","998,51","990,51","-","-1,64%"
"06.07.2017","1.011,79","1.008,39","1.012,11","1.003,41","-","0,39%"
"05.07.2017","1.007,88","1.016,69","1.020,16","1.002,94","-","-0,95%"
"04.07.2017","1.017,59","1.011,03","1.019,97","1.008,90","-","0,81%"
"03.07.2017","1.009,42","1.008,41","1.014,79","999,76","-","0,85%"
"30.06.2017","1.000,96","996,35","1.006,39","995,10","-","0,05%"
"29.06.2017","1.000,45","1.008,98","1.014,55","998,44","-","-0,24%"
"28.06.2017","1.002,83","993,97","1.004,37","987,47","-","-0,10%"
"27.06.2017","1.003,79","995,27","1.006,42","990,70","-","1,10%"
"26.06.2017","992,84","991,99","1.001,93","987,87","-","0,40%"
"23.06.2017","988,93","977,25","991,69","975,23","-","1,07%"
"22.06.2017","978,45","962,53","981,56","958,83","-","0,53%"
"21.06.2017","973,33","981,86","981,86","966,92","-","-0,78%"
"20.06.2017","981,03","997,23","1.006,98","978,31","-","-1,73%"
"19.06.2017","998,34","992,75","1.001,25","992,01","-","0,40%"
"16.06.2017","994,38","990,04","1.003,16","987,81","-","0,24%"
"15.06.2017","991,96","1.005,68","1.005,68","972,08","-","-2,15%"
"14.06.2017","1.013,78","1.029,08","1.030,05","1.013,04","-","-1,67%"
"13.06.2017","1.030,99","1.033,66","1.035,82","1.028,03","-","-1,01%"
"09.06.2017","1.041,49","1.037,02","1.044,68","1.031,63","-","0,29%"
"08.06.2017","1.038,50","1.031,56","1.038,50","1.022,85","-","0,41%"
"07.06.2017","1.034,31","1.042,37","1.050,33","1.033,27","-","-0,66%"
"06.06.2017","1.041,23","1.044,70","1.047,08","1.037,78","-","-0,30%"
"05.06.2017","1.044,34","1.047,10","1.055,15","1.040,51","-","-0,16%"
"02.06.2017","1.046,02","1.043,82","1.046,02","1.027,78","-","0,04%"
"01.06.2017","1.045,63","1.058,70","1.060,08","1.037,97","-","-0,73%"
"31.05.2017","1.053,30","1.077,39","1.079,00","1.048,93","-","-2,00%"
"30.05.2017","1.074,81","1.080,86","1.080,86","1.073,84","-","-1,01%"
"29.05.2017","1.085,75","1.078,30","1.085,75","1.074,04","-","1,18%"
"26.05.2017","1.073,04","1.075,10","1.078,95","1.069,18","-","-0,97%"
"25.05.2017","1.083,52","1.092,18","1.100,05","1.083,52","-","-0,37%"
"24.05.2017","1.087,59","1.094,35","1.100,92","1.080,57","-","-0,84%"
"23.05.2017","1.096,83","1.084,91","1.098,93","1.082,13","-","1,22%"
"22.05.2017","1.083,58","1.088,32","1.093,48","1.076,41","-","-0,38%"
"19.05.2017","1.087,75","1.077,59","1.092,26","1.077,59","-","1,02%"
"18.05.2017","1.076,80","1.097,40","1.098,09","1.068,34","-","-2,49%"
"17.05.2017","1.104,30","1.107,63","1.109,78","1.097,56","-","-0,78%"
"16.05.2017","1.112,95","1.118,16","1.120,99","1.110,96","-","-0,63%"
"15.05.2017","1.119,98","1.101,03","1.119,98","1.101,03","-","1,84%"
"12.05.2017","1.099,75","1.106,42","1.106,91","1.091,03","-","-0,55%"
"11.05.2017","1.105,83","1.112,15","1.116,85","1.098,70","-","-0,52%"
"10.05.2017","1.111,64","1.094,33","1.111,64","1.086,38","-","2,39%"
"05.05.2017","1.085,68","1.073,94","1.085,68","1.063,50","-","0,41%"
"04.05.2017","1.081,22","1.094,60","1.101,51","1.081,22","-","-1,38%"
"03.05.2017","1.096,35","1.118,56","1.120,37","1.096,35","-","-2,13%"
"02.05.2017","1.120,22","1.118,95","1.129,49","1.117,02","-","0,52%"
"28.04.2017","1.114,43","1.117,93","1.123,57","1.111,84","-","0,68%"
"27.04.2017","1.106,92","1.115,87","1.119,24","1.105,55","-","-1,09%"
"26.04.2017","1.119,11","1.122,37","1.125,07","1.107,70","-","-0,16%"
"25.04.2017","1.120,89","1.118,77","1.124,10","1.111,26","-","0,39%"
"24.04.2017","1.116,58","1.090,46","1.116,58","1.090,46","-","2,99%"
"21.04.2017","1.084,17","1.083,28","1.094,54","1.078,85","-","0,08%"
"20.04.2017","1.083,35","1.064,88","1.083,65","1.062,90","-","1,39%"
"19.04.2017","1.068,55","1.075,56","1.085,07","1.068,55","-","-0,80%"
"18.04.2017","1.077,21","1.095,17","1.098,48","1.075,71","-","-1,56%"
"17.04.2017","1.094,27","1.071,61","1.095,58","1.065,15","-","1,97%"
"14.04.2017","1.073,15","1.088,17","1.088,31","1.071,72","-","-1,49%"
"13.04.2017","1.089,39","1.087,71","1.090,83","1.066,93","-","0,99%"
"12.04.2017","1.078,72","1.098,94","1.102,49","1.075,68","-","-1,13%"
"11.04.2017","1.091,08","1.084,89","1.103,55","1.083,11","-","0,63%"
"10.04.2017","1.084,26","1.110,32","1.110,47","1.079,76","-","-2,62%"
"07.04.2017","1.113,45","1.143,32","1.143,64","1.110,80","-","-3,07%"
"06.04.2017","1.148,75","1.146,60","1.150,39","1.140,41","-","-0,32%"
"05.04.2017","1.152,49","1.139,62","1.157,45","1.139,62","-","1,45%"
"04.04.2017","1.135,98","1.127,85","1.137,07","1.116,21","-","1,16%"
"03.04.2017","1.122,98","1.118,93","1.127,43","1.116,38","-","0,83%"
"31.03.2017","1.113,76","1.135,10","1.137,68","1.112,46","-","-2,07%"
"30.03.2017","1.137,26","1.126,93","1.139,17","1.125,55","-","1,10%"
"29.03.2017","1.124,91","1.122,64","1.126,94","1.116,22","-","-0,06%"
"28.03.2017","1.125,58","1.116,47","1.125,58","1.111,65","-","0,98%"
"27.03.2017","1.114,66","1.126,35","1.126,35","1.105,01","-","-0,89%"
"24.03.2017","1.124,66","1.123,17","1.131,45","1.117,45","-","0,03%"
"23.03.2017","1.124,35","1.125,89","1.133,84","1.114,03","-","0,11%"
"22.03.2017","1.123,17","1.115,25","1.123,17","1.103,85","-","0,14%"
"21.03.2017","1.121,63","1.124,42","1.139,73","1.118,11","-","0,02%"
"20.03.2017","1.121,40","1.122,49","1.128,46","1.107,37","-","0,86%"
"17.03.2017","1.111,89","1.098,88","1.116,19","1.094,40","-","1,42%"
"16.03.2017","1.096,29","1.079,90","1.100,78","1.079,90","-","3,17%"
"15.03.2017","1.062,61","1.066,58","1.075,50","1.060,78","-","-0,10%"
"14.03.2017","1.063,69","1.072,39","1.078,37","1.056,10","-","-0,51%"
"13.03.2017","1.069,14","1.053,34","1.069,14","1.047,46","-","1,25%"
"10.03.2017","1.055,93","1.050,65","1.064,19","1.044,96","-","0,86%"
"09.03.2017","1.046,90","1.088,84","1.088,84","1.045,02","-","-4,61%"
"07.03.2017","1.097,44","1.108,24","1.109,00","1.089,72","-","-1,17%"
"06.03.2017","1.110,46","1.112,79","1.121,82","1.108,40","-","0,20%"
"03.03.2017","1.108,26","1.095,91","1.108,26","1.086,97","-","0,77%"
"02.03.2017","1.099,82","1.114,85","1.120,94","1.098,55","-","-0,86%"
"01.03.2017","1.109,39","1.099,11","1.115,19","1.096,61","-","0,90%"
"28.02.2017","1.099,46","1.116,13","1.116,82","1.096,57","-","-1,60%"
"27.02.2017","1.117,29","1.130,02","1.139,04","1.117,29","-","-1,05%"
"24.02.2017","1.129,09","1.143,06","1.146,13","1.126,32","-","-1,48%"
"22.02.2017","1.146,01","1.168,11","1.169,03","1.136,04","-","-1,35%"
"21.02.2017","1.161,65","1.151,52","1.165,45","1.149,02","-","0,98%"
"20.02.2017","1.150,39","1.149,77","1.158,11","1.145,84","-","-0,16%"
"17.02.2017","1.152,21","1.175,10","1.175,14","1.152,01","-","-2,03%"
"16.02.2017","1.176,11","1.176,70","1.179,96","1.172,13","-","0,30%"
"15.02.2017","1.172,59","1.180,16","1.180,41","1.169,43","-","-0,12%"
"14.02.2017","1.173,97","1.174,64","1.179,19","1.166,59","-","0,07%"
"13.02.2017","1.173,17","1.171,48","1.180,81","1.167,39","-","0,77%"
"10.02.2017","1.164,21","1.163,05","1.169,20","1.157,21","-","0,09%"
"09.02.2017","1.163,19","1.165,93","1.171,98","1.155,27","-","-0,13%"
"08.02.2017","1.164,65","1.176,11","1.176,11","1.157,83","-","-1,23%"
"07.02.2017","1.179,21","1.182,40","1.182,40","1.167,21","-","0,06%"
"06.02.2017","1.178,52","1.190,41","1.196,99","1.175,37","-","-1,00%"
"03.02.2017","1.190,40","1.176,85","1.190,40","1.174,25","-","1,62%"
"02.02.2017","1.171,42","1.169,21","1.181,44","1.167,56","-","0,33%"
"01.02.2017","1.167,53","1.162,08","1.167,53","1.156,86","-","0,29%"
"31.01.2017","1.164,15","1.174,06","1.175,73","1.161,27","-","-0,98%"
"30.01.2017","1.175,64","1.192,11","1.192,11","1.169,98","-","-1,67%"
"27.01.2017","1.195,61","1.160,83","1.195,61","1.158,09","-","2,75%"
"26.01.2017","1.163,62","1.153,57","1.163,91","1.151,15","-","0,33%"
"25.01.2017","1.159,79","1.156,60","1.161,26","1.150,28","-","0,38%"
"24.01.2017","1.155,38","1.136,95","1.155,47","1.136,95","-","1,56%"
"23.01.2017","1.137,67","1.138,85","1.141,56","1.132,04","-","-0,12%"
"20.01.2017","1.138,99","1.140,62","1.143,04","1.133,45","-","0,21%"
"19.01.2017","1.136,62","1.148,62","1.157,36","1.132,12","-","-1,31%"
"18.01.2017","1.151,65","1.156,43","1.166,34","1.151,00","-","-0,42%"
"17.01.2017","1.156,47","1.152,51","1.162,25","1.151,47","-","0,47%"
"16.01.2017","1.151,05","1.158,85","1.164,97","1.151,05","-","-0,62%"
"13.01.2017","1.158,19","1.175,31","1.177,00","1.151,59","-","-1,45%"
"12.01.2017","1.175,28","1.173,06","1.181,98","1.172,60","-","1,71%"
"11.01.2017","1.155,50","1.169,54","1.174,09","1.151,54","-","-1,66%"
"10.01.2017","1.175,01","1.158,56","1.175,91","1.155,75","-","1,27%"
"09.01.2017","1.160,27","1.172,12","1.176,14","1.158,59","-","-1,05%"
"06.01.2017","1.172,59","1.177,12","1.179,94","1.165,42","-","-0,65%"
"05.01.2017","1.180,31","1.180,43","1.191,26","1.172,80","-","0,31%"
"04.01.2017","1.176,69","1.181,52","1.182,70","1.163,40","-","-1,06%"
"03.01.2017","1.189,32","1.147,29","1.194,92","1.147,29","-","3,21%"